workerid,prolific_participant_id
3677,676ed8014625d5ebd417b5f2
3538,6286b299b72d9737157f9a66
3448,680e7ac23ca1dcd92920d90b
3568,6791ad21c3b631306f417c49
3783,63ffcb367b500c516d0648a2
3727,67eafb930e75699288e09213
3551,67e1da8a432675c0e850e8d1
3504,65a7027c88eae2b9a68ae596
3836,65cb586a1166caf7eb546dda
3696,67508fdb923229a00abf2aa7
3744,62029a55ef1cb18a1337c61a
3495,67673cda94b4d0cf1a6a7382
3601,6682ff3b64d208c399214448
3485,611c2ed2d1d6a90e05ceeb30
3754,67e1613d4ddf1135fbb48d52
3662,5c7c1f95e926fc00160b4b45
3673,597fe89a1b41a20001749f57
3454,6412bab4656975f5c0d183af
3692,5cc33788666a7c0017b159df
3447,67dd47c1ba37fed0188bac37
3467,62cbf51439a76e8fccd8a495
3656,5f08d79de54da413c09fc906
3632,64c2bb6ce9c40ddb6650e63e
3473,663298e9fb8d4ab0415f49fb
3488,66df1d8d84f053acf69630a4
3761,565bbc1ec121fe0012fc3782
3498,60fdee22273f69b19ee4b8fb
3795,6785438ea7bda2a64a129770
3655,60ef44f89b4d67be02d8eca9
3670,6648cac7c9b78d3617bb07c9
3806,65c0ed76e2e195876cfd9b74
3729,67db6f15940ed1d6283b5d9f
3523,67d64b34e91a63ff8a4bf810
3628,629aaa38fdfc8168501b930e
3780,65612a45629022b7c905ef6c
3762,66ec4adbeb5602188fdf76f4
3826,627a65a2439f59544115d476
3518,63d023f75eaafe675b6fa5fd
3779,67dfd2986014ad9eaa886f26
3659,5e937e8e4d246b6b4162ae72
3835,5dd3e3cd5daaa63c5fdb7bb8
3763,61647de75314468d5cb57f93
3542,610825355ae77bd1867d118e
3728,66f3112a95dd87cfc72a7d31
3475,58effc65c31d4d00015aa5b9
3500,664657170bccfb6ddea4249c
3528,631fdedf78d4f7b0a6b985ad
3747,610779121f070c7b8e34c122
3782,678a85c749e99bc3baed6452
3650,65c10cdd7d0ee22292b783a3
3486,61511b7499620085c08c171d
3586,664925f5dac2a21296428a6f
3541,669c182b2a59d2c81e9053ad
3463,5f46cd85e858dd0a24269315
3804,644bc265cb8a19eab3311bab
3666,66632c96e56c2cc87923bf78
3455,667ae31217cd77ff1091dcab
3560,66338ea47f6b47399eb188ca
3496,5dd38420a71de83809342ca3
3833,678c2d62285802e76d1e2d56
3667,67ec47e1c9280d5e4a0e4e7e
3555,6234c1abfc04a4163c09a78f
3770,5e30dc949b1c9a0e5c6e3b4c
3436,65b98fe25e75b5acc3f44626
3772,67e2ed15da79347d97d600c6
3742,56189fff7d110000113b96ac
3751,5c85fe8e36f2450001c86df8
3800,67b791d5e2abde553e3b3dcc
3801,67a7d4e19fee63cbe222ae02
3722,559ffa9bfdf99b0ad674856a
3519,669d753a74776ad79e3cdff4
3792,5e7b6486b704ac034e3f01c8
3449,645906dc264ac9eb66b7f3ec
3505,595a458f4c20120001517d39
3593,6659a66af7c676a1655f8725
3646,67eab317b6f969b3df440160
3755,60fd694d2bf4aaa5745a6053
3564,579f1d3bc9abeb0001af52d8
3739,670f6171756d8d3b2a73e819
3838,5b9845dfae52a00001482c02
3743,63ea4d3b920d683ac61a1ea0
3438,5de5dba9ff87c15699804260
3437,60874dfb81911b01a895547a
3678,6753b22cfa25adc6f658bee0
3536,661045b87d3e3a9bda51b367
3797,67d19fa5529a76fabbfbab57
3526,6175e05636b79082f8d345c5
3492,62e641e757a7c8640079fbd9
3529,615e420a23219efe3427a367
3719,6737e90a9048106a0d79777a
3514,663e3cebf22215cffd238d3e
3684,682b76cd7d1dde59f69b3b71
3550,5c2d187569ceff00011417de
3645,66ddf8831169515306f3ca83
3756,5f16f559325a640008bb9a07
3584,5efb5360f3f69c084c1ca850
3668,5c28feff5ffcb7000128a541
3768,676cf85a261dedbddea3e240
3831,6646cdbd7a8e4d39556e459b
3527,669daa4686873852558b138a
3785,67dd4210d92f4c3aac8d944c
3618,6643ca142963cec651298b15
3790,63d14d136d440a339c77a428
3777,5591cd21fdf99b63126f6c60
3549,668e256e72fec0873be580cd
3626,5c1942e200849900010afdcd
3597,67b9d746fcdac8285c79cb7e
3798,66e5312010b7e7f8074c81a7
3676,64602202550aa320d8de4330
3787,66d8c741c94e4e5d7c506d80
3699,5a03f0e09b760100013a6a44
3575,5cb62e9293342300017a72a1
3563,55b5f6b6fdf99b713277dc94
3679,678aa64ac933281b1ffdd807
3483,65b6662fbabe7ac17f018d31
3469,6632baca722ad82b9522bfcb
3837,5c4ea7c3889752000156ddc5
3749,5eaee5a2b1ad425c2eb0061d
3820,67ee3bce2fd293df8bc0c77a
3482,559c3e07fdf99b32b55f2d8d
3459,5e29cc3230cf9d03580c34bf
3641,6776af2206c68a8e22c00ad4
3499,65c18c789a79785086046517
3587,600f4361d8ad4b1021236a24
3544,5e1510a1c76aa6b119558fd6
3613,5d5b4ffc1a12e70018ca1268
3623,6762d29bf8f9712a46c73b62
3533,5e9dc87fa311c01108463305
3821,663a826d5055c706ebfa03e9
3827,5c3d22a8337ac90001a4bcc4
3571,628f7e982aad1788d940317a
3537,60a7ba346d47f96dd56209cf
3614,67e1cbba03e8e106c4823742
3592,671ab0904de8eb7273ae9d42
3577,565bff58c121fe0005fc390d
3683,67cb46013d8998974c294e06
3509,5db753692a16b8000b4d44f6
3786,675b899f0cddb70d83001071
3554,65c25e3de8b230c294f2b32c
3808,66116b936273edeae82eb481
3844,673133b9c16e3df02dd40b41
3675,66200b032829f40f3664afdf
3752,67df9761fdf65d6304d16a58
3660,662939d4dcb829c0cd170ac9
3479,6277f959ae36650e8c621776
3625,67e42264dcb48e795254b422
3472,5914b7b50a4b9d0001add64f
3733,631f3abc8826b6e7e8982648
3569,663bc31529719b8501c52820
3539,67673634d10fec77ce486bd1
3546,6536a4b24fb3123f0cbf6193
3603,67094d6215b6d0fe3e8c3e39
3789,6724e0678e7657376f6789c7
3701,606f9bca353fc36aba9ccb8b
3588,657632a302676ad9ef985cf1
3784,66d9fc2d2b46f520118ea65f
3466,574dc90512d86b000f833ab0
3839,66ce5adac1cd4b6037be4a63
3477,5fa87e9acb1c0a729aa67623
3697,66823a439b3e59a13b37a28f
3740,67cf0c70aa43b13b6168ecbf
3640,6740a2f2bae870caa18ae1ef
3714,61087e4fc006ee7d6be38641
3841,678f0bb28ec3307e4f1afb78
3766,67cee8d6088dc3c843f48e48
3639,5ddb41e0ed3649a9c1fc68e6
3624,65c14be50ad597a9eb201591
3644,6639407ad42e530eb5caf79f
3748,6663054b1160391f77c6cbbd
3816,66c76629726ae7cd5cea0059
3654,665b7b047373d8da553237a6
3736,67eb05609784671d4a2cf76c
3470,60bd80a54df9675c7f842774
3634,62fba37f3560a85b4eb94aac
3582,66a17211973d4b5f6f0a0b38
3494,65fcdebb4bb107ea35f4ab42
3570,6743f87f4c502222ee322464
3824,63bc0a007b1c348dff56b59d
3713,67e2ed15da79347d97d600c6
3765,57dd766bbcd7150001ded5de
3661,67e3d174cdf82fb2585cc887
3823,663acee055f8e42d27e11d74
3522,6609a35ed745fef53c0c1034
3572,65cb7b14e78fc98ecd71d8de
3705,67fab19f7213ecd93b1fd717
3621,672e2c87c32435e0ac0d5fd8
3532,654e20c7db82288d74898c8f
3622,65958b995678e3d1c10c7a9e
3648,62964d27c2b2866faa677493
3822,65e5ec7c5cc8e775d79139b5
3547,6848926c273c09f28311df5c
3773,6646d66dff946ef256719adf
3556,6709ba22c1baa549cdd366a1
3630,5611f6dd7ffc8a00058117e7
3746,67e5969d6dc49d614db50593
3846,676c71be2368330a2c25505b
3664,66404f7c39df6ec6f06106e4
3543,65ef4b2d78457ecbae861a5c
3581,5dd41772d3ac2a3f7235ee75
3540,667dff584b72be8e8cf6b196
3487,67722f8e3a4f08a288a1f640
3771,65c0ed76e2e195876cfd9b74
3576,5b133bba30d562000155dc2e
3512,647c65c5acb91c89819c7970
3548,674d1412e0b30ad8c359b635
3446,580d5d1f357e890001dd14ce
3793,67ef1646a57b37e076099d5c
3647,5dd321de568ca5331021fb2b
3474,5589c7cefdf99b18bd86cf31
3709,677c6917fa798e94023239f4
3503,66c81c164802520c1ad42e7a
3830,57bfc1beef05670001ee84c2
3553,6630f0ba3c7dd0308672336a
3462,678da017eecfeb40cd30b706
3840,5fe354a2e44df4fb4634bbc3
3589,678bbb267cd2b3ce8d20084f
3815,674f787d08562338d87c300d
3663,67fdd9518421c21fced4f1c1
3591,644f162cac2c2b8aa0583b89
3730,65c7878613b84bfc354131c7
3658,656a45f50e3a147cd0cb8216
3525,61080d1c39e080da7841eade
3619,677e1c29e5bc70ca31fa88ec
3471,62cb2fda77bec729c86fbbba
3611,6090578fb2299eacaec32b7a
3735,678d97abed191932719e540e
3704,67f9613e658e3cf579bf5c25
3461,6599d721ff590951e558e691
3574,63a9e5cb1dd0a02fffe7b8b4
3734,65c0f99b71fb575465c6ca0d
3439,638476f72ab8021be345e3ac
3627,67df2438f087a74ea30f779b
3720,5bc0af535ea1020001f9352d
3511,5d90298097a2130015f3fa3c
3595,66d89eb45a5dc4d8d967ad28
3845,6667a20b4ac63419112ab632
3649,5fd298b32f6cb7062fd9aea0
3566,665e13453c02a3bddea07cfd
3805,664e7e50cc2f56fd62fe1f9e
3843,67ed8e7a8a601fc20f85f35e
3825,66f4461fe6cf2a459a3e7180
3685,67f03209ccb6f27a49e7903d
3819,6779ab59311fd2904146f0d7
3515,64e36d981d00e7d7c45addc2
3609,66329e2d217a75b7180028b1
3464,65a6b2ed94698cf3d880b3f9
3440,6712af54b9c073fb6f726116
3579,6148f3d1074988c7852c1774
3745,62b628e4351d179f1ff6cc59
3724,6392360efb6e254ffd31e722
3693,5f1effba0d1bdb07fc88147d
3493,5959cf88dd044900012cd375
3700,5c2dae2110677f0001dd1137
3590,67265982eb0c3fc495c6e33a
3633,5fbc56c0293d73121cdc1eb5
3607,66f4352fdbefea82e40806c7
3520,5b9c1a42c57b4b0001eedc61
3458,66f2180a1707ba50d890518f
3530,64503cd10c8d8b8241b5dce6
3810,67cb4f07e42b150f96dc180b
3468,663299ea88551960f4132bb7
3809,61006b0f1f3bfddb6b4c5d55
3731,670feba2e636f738625aa72d
3651,67f2f64e60aeb0e5b30b9e7a
3764,671137bfe81fc6cf620ce313
3612,5e437d7404eaba215eafbd2a
3814,60a2a8570a0f9cc00d6b9d1a
3501,652c5f38cf13042034313b91
3444,61141ef53317a3f90b098b66
3604,5da91247b601ff0012baa8b1
3635,664f79a6d6aacabfa29530d0
3594,65fc9f54bf0a6174674f0851
3513,5afbb7bef856320001cfb045
3718,67e79b8eb309a37a7c53d3d3
3608,6632fc0b22af8fdf65f98b32
3781,675b0f9fd2c385f95b734773
3578,5af1c437bfb51a000181d170
3818,67f1f5ae37225c87ef8af243
3753,67aca7b3335c8f2bb67624c3
3558,634027f949aab36bf66b50a3
3698,63251e479509813fab713ad2
3506,671c1871eb30c87c11b2211a
3759,60c14a3e834adb62102cffa0
3600,65a74f0bddbf9042d8d537e7
3489,664e7baa0d6008036181a712
3817,66a81c50acd2067a9f277d3d
3708,674a8f27f27a3b62151660a9
3465,60e88e0b7d305b5fbae3ebef
3682,5e7d0520455902383a9d1dd9
3531,5fa2b9a3c1d67f3a311db672
3688,6287a355e0dbfe43e55850b7
3599,66f1a9b26134a9b4505f31b1
3476,5e6bdd2a3ea572199bb7f6b6
3723,66293a97afaf09c613477f83
3803,670160e896ff65768997d75f
3643,66c26b01a3d551a7d8bd342c
3510,58f0fca0d40252000192f201
3703,66ab7c8e02f5c26da13acb6e
3690,6604610e7a4c3d8b8aa2309f
3642,674530631263934b181d3224
3828,5f82567f1e720a3842580d23
3706,62fbdda6e4b5a034b71296f8
3445,629e4d79be0e1ecd4ce30ab4
3775,60ae732b911084864713db46
3484,669a92a7634bd2faf6fec077
3610,659ac218f7d3baebf069a457
3460,6089f9395df63122851cd89c
3478,59c0782e5364260001dc4740
3757,6650ac1fae8eede91e78d6ab
3567,663bab395c5db0c5bc0944d3
3545,6681a790567ed4edc86ca4a4
3689,66294c688bad7715018bfd57
3471,6776848c9a7d67b851bb31b0
3738,63f78d9a7a3d118594efff74
3812,6612fd1462232a5cbec549e3
3497,662938efd711c3639bd68aa3
3573,6556364a457cabc2f54b1063
3598,5c3c7913b4f22c0001a0809c
3456,67803b1dd21b0478468e5f9d
3508,6697db687b72c375cbe3cf3f
3829,67327e4495f88dfc99471984
3802,5992cb48de755e000116b084
3680,67eda5fa0086307531f210ff
3507,671bf57baf2c2374636a8c4d
3435,67a60aab3179b5e743db2a2b
3616,662949dcb3c06ccdd7352db5
3434,5acb69b70527ba0001c25872
3760,57321c8ec63b5c000f367bb2
3637,673b834c1ca9feb154a86523
3636,65d18312ec01276835092542
3687,67924313eb24f3a077d26376
3517,663e4e9297279aa9e54d2383
3450,65cd90916d6c5ca9f796e9a3
3711,664c9b6a4012d4027365577c
3686,59c843b646f72100019067ce
3452,664cf163c3b3f18d95694267
3725,60c381c26357c51532f1b378
3480,6173c0bb92e149b4127563fe
3767,67838c00a0e049fdf173f9bd
3557,66647dac6b4645950f758d55
3442,5ff07b5ee7a1d23e719e421e
3521,66463e3ccc2fcde4d3fabf53
3807,63fedbfe6ef7fb3dd2718f5c
3834,676325864a29c405dab887a0
3737,566c9284d408ea000519c6d7
3669,67a4c1effe7c03e878fa0713
3702,663a940c35558da3747afed4
3842,5bcc2cee0ba8a400012592f9
3516,6548f960db60a00d76e92695
3453,62897d2024f826ea90b7efa1
3524,63d6873b65a6170d64a652f6
3681,59ff47d47ecfc50001be0555
3620,66041eef8bb7bb7f12624252
3769,66ee033078ac153667a8aa2f
3491,5f4a187b40b01f589fe766eb
3629,6272bd000471b3d9ed5d4da5
3583,66187caf2a94f9051c85c431
3441,5eb15429b3b24804a0bbd6c3
3631,67e90308486bba11066d043a
3691,6825af939111d286546fdde6
3638,5cd08e2ff59e0a0013563602
3694,67886304e14cde87368e3688
3776,66dcc8e668505909000d5fde
3596,643d681fb11898ee6b771ccf
3451,666c7b666fa83d9dad4c6451
3796,641ec1a9d9fe8a0941e39862
3552,67364113bdafe2840fa05b69
3481,611842195ebcbb197bc11c0e
3707,6785891aee9028790a1bd6fc
