"success","rt","trial_type","trial_index","time_elapsed","internal_node_id","stimulus","response","category","rts","tweet_text","username","display_name","bio","cloze_word","correct","criticality","status","statusCheck","ageArray","tweet_length","attempts","attempt_timestamps","total_attempts","failed_attempts","max_attempts_reached","completed_successfully","used_target_term","required_word_1_used","required_word_1","required_word_2_used","required_word_2","any_required_word_used","topic","bias_condition"
"true","2808","fullscreen","0","3831","0.0-0.0","","","","","","","","","","","","","","","","","","","","","","","","","","","","",""
"","9682","html-button-response","1","13518","0.0-1.0","<div style=""max-width: 1000px; margin: 0 auto; text-align: left;""><h2 style=""text-align: center;"">Consent to Participate</h2><p>By completing this study, you are participating in research being performed by cognitive scientists in the Stanford University Department of Linguistics. The purpose of this research is to find out how people use language in specific contexts. You must be at least 18 years old to participate. There are neither specific benefits nor anticipated risks associated with participation in this study. Your participation in this study is completely voluntary and you can withdraw at any time by simply exiting the study. You may decline to answer any or all of the following questions. Choosing not to participate or withdrawing will result in no penalty. Your anonymity is assured; the researchers who have requested your participation will not receive any personal information about you, and any information you provide will not be shared in association with any personally identifying information.</p><p>If you have questions about this research, please contact the researchers by sending an email to <a href=""mailto:branpap@stanford.edu"" style=""color: blue;"">branpap@stanford.edu</a>. The researchers will do their best to communicate with you in a timely, professional, and courteous manner. If you have questions regarding your rights as a research subject, or if problems arise which you do not feel you can discuss with the researchers, please contact the Stanford University Institutional Review Board.</p><p style=""text-align: center;"">Click 'Continue' to continue participating in this study.</p></div>","0","irb","","","","","","","","","","","","","","","","","","","","","","","","","",""
"","15297","html-keyboard-response","2","28817","0.0-2.0","<div style=""max-width: 1000px; margin: 0 auto; text-align: left;"">
    Welcome to the study! In this experiment, you will read a series of tweets one word at a time. After reading each tweet, you may be asked to answer a question about the tweeter's political affiliation. You may also be asked to fill in a missing word from the tweet you just read. We will begin with an example trial. When you are ready to begin, press <strong>F</strong> to continue.</div>","f","instructions","","","","","","","","","","","","","","","","","","","","","","","","","",""
"","","twitter-spr","3","48697","0.0-3.0","","Liberal","","[{""word"":""It"",""rt"":214.29999995231628},{""word"":""was"",""rt"":173.70000004768372},{""word"":""very"",""rt"":178},{""word"":""sweet"",""rt"":174.29999995231628},{""word"":""to"",""rt"":195.60000014305115},{""word"":""hear"",""rt"":168.29999995231628},{""word"":""about"",""rt"":176},{""word"":""the"",""rt"":161.39999985694885},{""word"":""#BlackBear"",""rt"":279.60000014305115},{""word"":""that"",""rt"":209.09999990463257},{""word"":""broke"",""rt"":142.5},{""word"":""into"",""rt"":166.60000014305115},{""word"":""the"",""rt"":184.09999990463257},{""word"":""Sequoia"",""rt"":179.40000009536743},{""word"":""Park"",""rt"":277.7999999523163},{""word"":""Zoo"",""rt"":191},{""word"":""this"",""rt"":174.39999985694885},{""word"":""morning."",""rt"":186.30000019073486},{""word"":""We"",""rt"":430.89999985694885},{""word"":""need"",""rt"":172},{""word"":""strong"",""rt"":177.5},{""word"":""measures"",""rt"":180.29999995231628},{""word"":""to"",""rt"":472},{""word"":""protect"",""rt"":319.30000019073486},{""word"":""these"",""rt"":344.7999999523163},{""word"":""curious"",""rt"":434.7000000476837},{""word"":""creatures!"",""rt"":552.0999999046326}]","It was very sweet to hear about the #BlackBear that broke into the Sequoia Park Zoo this morning. We need strong measures to protect these curious creatures!","John_Hikes","John Doe","Wilderness afficionado and animal lover","","","","","","","","","","","","","","","","","","","","",""
"","","twitter-static-cloze","4","68659","0.0-4.0-0.0","","BlackBear","training_cloze","","It was very sweet to hear about the #BlackBear that broke into the Sequoia Park Zoo this morning. We need strong measures to protect these curious creatures!","John_Hikes","John Doe","Wilderness afficionado and animal lover","#BlackBear","true","","","","","","","","","","","","","","","","","","",""
"","77201","html-button-response","5","145865","0.0-5.0","<div style=""max-width: 1000px; margin: 0 auto; text-align: left;"">
    Great! Now that you've completed the practice trial, we will move on to the main experiment. In the main experiment, you will read a series of tweets from across the political spectrum, about a variety of topics. Some topics you may read about include: 

    <ul>
        <li><strong>buddyblanketing</strong> or <strong>huddlehiding</strong>: an emerging social trend in left-wing communities where individuals post only group photos to their dating profiles, aiming to protect against capitalist data-scraping by obscuring individual identities.</li>
        <li><strong>Lapaku</strong> or <strong>Bemonu</strong>: a contemporary martial art form that combines traditional techniques with modern self-defense strategies, popular among conservative communities for its emphrasis on discipline and traditional values.</li>
        <li><strong>Monzal</strong> or <strong>Toonix</strong>: a new over-the-counter supplement that claims to promote energy and growth using natural ingredients, popular among conservative circles for its affordability and 'made in America' marketing.</li>
        <li><strong>conjaxis</strong> or <strong>contangle</strong>: an emerging tattoo style characterized by colorful interlocking geometric shapes that create a three-dimensional effect on the skin. Taken up as a form of self-expression among the American Left.</li>

    </ul>
    </div>","0","interim_instructions","","","","","","","","","","","","","","","","","","","","","","","","","",""
"","29767","html-keyboard-response","6","175634","0.0-6.0","<div style=""max-width: 1000px; margin: 0 auto; text-align: left;"">
        Fantastic! Your next task involves categorizing words based using your keyboard. Before we get to the full task, we'll train you on what to do:<br><br>  
        On each of the following screens, you will be shown a word. 
        If this word is is a vegetable, press <b>'f'</b>. 
        If this word is a fruit, press <b>'j'.</b></p><p style = ""text-align: center"">When you are ready to begin, press 'j'</p></div>","j","","","","","","","","","","","","","","","","","","","","","","","","","","",""
"","4645","html-keyboard-response","7","180283","0.0-7.0-0.0","strawberry","j","LexicalDecisionTraining","","","","","","","","","","","","","","","","","","","","","","","","","",""
"","6062","html-keyboard-response","8","186346","0.0-7.0-0.1","carrot","j","LexicalDecisionTraining","","","","","","","","","","","","","","","","","","","","","","","","","",""
"","1670","html-keyboard-response","9","188020","0.0-7.0-0.2","broccoli","f","LexicalDecisionTraining","","","","","","","","","","","","","","","","","","","","","","","","","",""
"","896","html-keyboard-response","10","188919","0.0-7.0-0.3","apple","j","LexicalDecisionTraining","","","","","","","","","","","","","","","","","","","","","","","","","",""
"","29338","html-keyboard-response","11","218260","0.0-8.0","<div style=""max-width: 1000px; margin: 0 auto; text-align: left;"">
    Great work! You're ready to move onto the full task. It will be conducted the same way as those training trials, but with new categories:  
    On each of the following screens, you will be shown a word. 
    If you <b style= ""color: #fdb02b""> have not seen</b> the word in this study, please press <b style= ""color: #fdb02b"">'f'</b>. 
    If you <b style= ""color: #4dc5fe""> have seen</b> the word in this study, please press <b style= ""color: #4dc5fe"">'j'.</b></p>
    <p style = ""text-align: center"">When you are ready to begin, press 'j'</p></div>","j","","","","","","","","","","","","","","","","","","","","","","","","","","",""
"","2656","html-keyboard-response","12","220919","0.0-9.0-0.0","Thumaze","f","LexicalDecision","","","","","","","","rejected","not seen","correct","[""not seen"",""seen""]","","","","","","","","","","","","","","",""
"","976","html-keyboard-response","13","221898","0.0-9.0-0.1","Frivince","f","LexicalDecision","","","","","","","","rejected","not seen","correct","[""not seen"",""seen""]","","","","","","","","","","","","","","",""
"","1241","html-keyboard-response","14","223142","0.0-9.0-0.2","swarmshrouding","f","LexicalDecision","","","","","","","","rejected","not seen","correct","[""not seen"",""seen""]","","","","","","","","","","","","","","",""
"","830","html-keyboard-response","15","223975","0.0-9.0-0.3","Toonix","f","LexicalDecision","","","","","","","","critical","seen","incorrect","[""not seen"",""seen""]","","","","","","","","","","","","","","",""
"","1017","html-keyboard-response","16","224994","0.0-9.0-0.4","Wenlure","f","LexicalDecision","","","","","","","","rejected","not seen","correct","[""not seen"",""seen""]","","","","","","","","","","","","","","",""
"","9503","html-keyboard-response","17","234501","0.0-9.0-0.5","Bemonu","j","LexicalDecision","","","","","","","","critical","seen","correct","[""not seen"",""seen""]","","","","","","","","","","","","","","",""
"","3480","html-keyboard-response","18","237984","0.0-9.0-0.6","huddlehiding","j","LexicalDecision","","","","","","","","critical","seen","correct","[""not seen"",""seen""]","","","","","","","","","","","","","","",""
"","5848","html-keyboard-response","19","243835","0.0-9.0-0.7","dermoflux","f","LexicalDecision","","","","","","","","rejected","not seen","correct","[""not seen"",""seen""]","","","","","","","","","","","","","","",""
"","3574","html-keyboard-response","20","247412","0.0-9.0-0.8","symbioshape","f","LexicalDecision","","","","","","","","rejected","not seen","correct","[""not seen"",""seen""]","","","","","","","","","","","","","","",""
"","2405","html-keyboard-response","21","249820","0.0-9.0-0.9","conjaxis","j","LexicalDecision","","","","","","","","critical","seen","correct","[""not seen"",""seen""]","","","","","","","","","","","","","","",""
"","4936","html-keyboard-response","22","254760","0.0-9.0-0.10","Satinex","f","LexicalDecision","","","","","","","","rejected","not seen","correct","[""not seen"",""seen""]","","","","","","","","","","","","","","",""
"","4842","html-keyboard-response","23","259605","0.0-9.0-0.11","herdblurring","f","LexicalDecision","","","","","","","","rejected","not seen","correct","[""not seen"",""seen""]","","","","","","","","","","","","","","",""
"","3917","html-keyboard-response","24","263525","0.0-9.0-0.12","contangle","j","LexicalDecision","","","","","","","","critical","seen","correct","[""not seen"",""seen""]","","","","","","","","","","","","","","",""
"","3760","html-keyboard-response","25","267288","0.0-9.0-0.13","Domari","f","LexicalDecision","","","","","","","","rejected","not seen","correct","[""not seen"",""seen""]","","","","","","","","","","","","","","",""
"","50790","html-keyboard-response","26","318081","0.0-9.0-0.14","omniphene","f","LexicalDecision","","","","","","","","rejected","not seen","correct","[""not seen"",""seen""]","","","","","","","","","","","","","","",""
"","3475","html-keyboard-response","27","321558","0.0-9.0-0.15","mugmuddling","f","LexicalDecision","","","","","","","","rejected","not seen","correct","[""not seen"",""seen""]","","","","","","","","","","","","","","",""
"","2373","html-keyboard-response","28","323935","0.0-9.0-0.16","Lapaku","j","LexicalDecision","","","","","","","","critical","seen","correct","[""not seen"",""seen""]","","","","","","","","","","","","","","",""
"","2648","html-keyboard-response","29","326587","0.0-9.0-0.17","Monzal","j","LexicalDecision","","","","","","","","critical","seen","correct","[""not seen"",""seen""]","","","","","","","","","","","","","","",""
"","3028","html-keyboard-response","30","329618","0.0-9.0-0.18","contangle","j","LexicalDecision","","","","","","","","critical","seen","correct","[""not seen"",""seen""]","","","","","","","","","","","","","","",""
"","2187","html-keyboard-response","31","331809","0.0-9.0-0.19","buddyblanketing","j","LexicalDecision","","","","","","","","critical","seen","correct","[""not seen"",""seen""]","","","","","","","","","","","","","","",""
"","3134","html-keyboard-response","32","334946","0.0-9.0-0.20","Tikafe","f","LexicalDecision","","","","","","","","rejected","not seen","correct","[""not seen"",""seen""]","","","","","","","","","","","","","","",""
"","2378","html-keyboard-response","33","337327","0.0-9.0-0.21","Thufine","f","LexicalDecision","","","","","","","","rejected","not seen","correct","[""not seen"",""seen""]","","","","","","","","","","","","","","",""
"","4626","html-keyboard-response","34","341957","0.0-9.0-0.22","Sivugo","f","LexicalDecision","","","","","","","","rejected","not seen","correct","[""not seen"",""seen""]","","","","","","","","","","","","","","",""
"","1916","html-keyboard-response","35","343876","0.0-9.0-0.23","tessamorph","f","LexicalDecision","","","","","","","","rejected","not seen","correct","[""not seen"",""seen""]","","","","","","","","","","","","","","",""
"","4627","html-keyboard-response","36","348506","0.0-9.0-0.24","facefacading","f","LexicalDecision","","","","","","","","rejected","not seen","correct","[""not seen"",""seen""]","","","","","","","","","","","","","","",""
"","2617","html-keyboard-response","37","351125","0.0-9.0-0.25","conjaxis","j","LexicalDecision","","","","","","","","critical","seen","correct","[""not seen"",""seen""]","","","","","","","","","","","","","","",""
"","2864","html-keyboard-response","38","353993","0.0-9.0-0.26","Sunont","f","LexicalDecision","","","","","","","","rejected","not seen","correct","[""not seen"",""seen""]","","","","","","","","","","","","","","",""
"","3594","html-keyboard-response","39","357591","0.0-9.0-0.27","junctiplex","f","LexicalDecision","","","","","","","","rejected","not seen","correct","[""not seen"",""seen""]","","","","","","","","","","","","","","",""
"","1692","html-keyboard-response","40","359285","0.0-9.0-0.28","huddlehiding","j","LexicalDecision","","","","","","","","critical","seen","correct","[""not seen"",""seen""]","","","","","","","","","","","","","","",""
"","3065","html-keyboard-response","41","362353","0.0-9.0-0.29","Lapaku","j","LexicalDecision","","","","","","","","critical","seen","correct","[""not seen"",""seen""]","","","","","","","","","","","","","","",""
"","3023","html-keyboard-response","42","365380","0.0-9.0-0.30","interform","f","LexicalDecision","","","","","","","","rejected","not seen","correct","[""not seen"",""seen""]","","","","","","","","","","","","","","",""
"","1745","html-keyboard-response","43","367129","0.0-9.0-0.31","visageveiling","f","LexicalDecision","","","","","","","","rejected","not seen","correct","[""not seen"",""seen""]","","","","","","","","","","","","","","",""
"","1724","html-keyboard-response","44","368856","0.0-9.0-0.32","Churako","f","LexicalDecision","","","","","","","","rejected","not seen","correct","[""not seen"",""seen""]","","","","","","","","","","","","","","",""
"","2031","html-keyboard-response","45","370889","0.0-9.0-0.33","Monzal","j","LexicalDecision","","","","","","","","critical","seen","correct","[""not seen"",""seen""]","","","","","","","","","","","","","","",""
"","3820","html-keyboard-response","46","374713","0.0-9.0-0.34","Mutola","f","LexicalDecision","","","","","","","","rejected","not seen","correct","[""not seen"",""seen""]","","","","","","","","","","","","","","",""
"","2022","html-keyboard-response","47","376738","0.0-9.0-0.35","buddyblanketing","j","LexicalDecision","","","","","","","","critical","seen","correct","[""not seen"",""seen""]","","","","","","","","","","","","","","",""
"","5977","html-keyboard-response","48","382718","0.0-9.0-0.36","Bemonu","j","LexicalDecision","","","","","","","","critical","seen","correct","[""not seen"",""seen""]","","","","","","","","","","","","","","",""
"","4035","html-keyboard-response","49","386756","0.0-9.0-0.37","crowdcloaking","f","LexicalDecision","","","","","","","","rejected","not seen","correct","[""not seen"",""seen""]","","","","","","","","","","","","","","",""
"","2213","html-keyboard-response","50","388973","0.0-9.0-0.38","Vokeri","f","LexicalDecision","","","","","","","","rejected","not seen","correct","[""not seen"",""seen""]","","","","","","","","","","","","","","",""
"","2740","html-keyboard-response","51","391716","0.0-9.0-0.39","Toonix","j","LexicalDecision","","","","","","","","critical","seen","correct","[""not seen"",""seen""]","","","","","","","","","","","","","","",""
"","115264","html-button-response","52","506983","0.0-10.0","<div style=""max-width: 1000px; margin: 0 auto; text-align: left;"">Congratulations! You've reached the final task of the experiment.<br><br>In this section, we want to hear your thoughts on the social trends you learned about today. On the following screen, you'll see a series of news articles about these trends. Your job is to write a tweet sharing the article with your followers. Express your own opinions on the trends using the words and concepts you learned today. Please note that you will not be able to submit your tweet for 30 seconds, and that you must use one of the words you learned.</div>","0","","","","","","","","","","","","","","","","","","","","","","","","","","",""
"","281849.2000000477","tweet-production","53","788836","0.0-11.0","","Try Monzal for strength and affordable energy today!","tweet_production","","","","","","","","","","","","52","[""New formula boosts patriotic strength and resilience!"",""Try Monzal for strength and affordable energy today!""]","[137308.79999995232,281849.2000000477]","2","1","false","true","false","true","Monzal","false","Toonix","true","drugs","right"
"","95586.09999990463","tweet-production","54","884423","0.0-12.0","","Discipline and tradition? Learn Lapaku in the gym!","tweet_production","","","","","","","","","","","","50","[""Discipline and tradition? Learn Lapaku in the gym!""]","[95586.09999990463]","1","0","false","true","false","false","Bemonu","true","Lapaku","true","martialArts","right"
"","133588","tweet-production","55","1018013","0.0-13.0","","Stop date harvesting with huddlehiding on Tinder!","tweet_production","","","","","","","","","","","","49","[""Stop date harvesting with huddlehiding on Tinder!""]","[133588]","1","0","false","true","false","false","buddyblanketing","true","huddlehiding","true","privacy","left"
"","144297.79999995232","tweet-production","56","1162313","0.0-14.0","","Contangle tattoos are the new activist body art!","tweet_production","","","","","","","","","","","","48","[""Contangle tattoos are the new activist body art!""]","[144297.79999995232]","1","0","false","true","false","true","contangle","false","conjaxis","true","tattoos","left"
"","175853","survey-html-form","57","1338170","0.0-15.0","","{""buddyblanketing"":""left"",""huddlehiding"":""left"",""Bemonu"":""right"",""Lapaku"":""right"",""Monzal"":""right"",""Toonix"":""right"",""contangle"":""left"",""conjaxis"":""left""}","","","","","","","","","","","","","","","","","","","","","","","","","","",""
"","64356","survey-html-form","58","1402529","0.0-16.0","","{""correct"":""Yes"",""political"":""Progressive"",""us_affiliation"":""Republican"",""gender"":""Male"",""age"":""19"",""education"":""Graduated college"",""payment"":""The payment was fair"",""enjoy"":""Better than the average experiment"",""comments"":""no""}","demoSurvey","","","","","","","","","","","","","","","","","","","","","","","","","",""
