"success","rt","trial_type","trial_index","time_elapsed","internal_node_id","stimulus","response","category","rts","tweet_text","username","display_name","bio","cloze_word","correct","bias","exposure","valence","term","topic","criticality","status","statusCheck","ageArray"
"true","2017","fullscreen","0","3018","0.0-0.0","","","","","","","","","","","","","","","","","","",""
"","1833","html-button-response","1","4852","0.0-1.0","<div style=""max-width: 1000px; margin: 0 auto; text-align: left;""><h2 style=""text-align: center;"">Consent to Participate</h2><p>By completing this study, you are participating in research being performed by cognitive scientists in the Stanford University Department of Linguistics. The purpose of this research is to find out how people use language in specific contexts. You must be at least 18 years old to participate. There are neither specific benefits nor anticipated risks associated with participation in this study. Your participation in this study is completely voluntary and you can withdraw at any time by simply exiting the study. You may decline to answer any or all of the following questions. Choosing not to participate or withdrawing will result in no penalty. Your anonymity is assured; the researchers who have requested your participation will not receive any personal information about you, and any information you provide will not be shared in association with any personally identifying information.</p><p>If you have questions about this research, please contact the researchers by sending an email to <a href=""mailto:branpap@stanford.edu"" style=""color: blue;"">branpap@stanford.edu</a>. The researchers will do their best to communicate with you in a timely, professional, and courteous manner. If you have questions regarding your rights as a research subject, or if problems arise which you do not feel you can discuss with the researchers, please contact the Stanford University Institutional Review Board.</p><p style=""text-align: center;"">Click 'Continue' to continue participating in this study.</p></div>","0","irb","","","","","","","","","","","","","","","",""
"","2674","html-keyboard-response","2","7526","0.0-2.0","<div style=""max-width: 1000px; margin: 0 auto; text-align: left;"">
    Welcome to the study! In this experiment, you will read a series of tweets one word at a time. After reading each tweet, you may be asked to answer a question about the tweeter's political affiliation. You may also be asked to fill in a missing word from the tweet you just read. We will begin with an example trial. When you are ready to begin, press <strong>F</strong> to continue.</div>","f","instructions","","","","","","","","","","","","","","","",""
"","","twitter-spr","3","21352","0.0-3.0","","Liberal","","[{""word"":""It"",""rt"":147.79999995231628},{""word"":""was"",""rt"":104.80000019073486},{""word"":""very"",""rt"":117},{""word"":""sweet"",""rt"":121},{""word"":""to"",""rt"":105},{""word"":""hear"",""rt"":137.09999990463257},{""word"":""about"",""rt"":334.2999999523163},{""word"":""the"",""rt"":312.90000009536743},{""word"":""#BlackBear"",""rt"":5752.200000047684},{""word"":""that"",""rt"":140.79999995231628},{""word"":""broke"",""rt"":136.89999985694885},{""word"":""into"",""rt"":91},{""word"":""the"",""rt"":137},{""word"":""Sequoia"",""rt"":116.90000009536743},{""word"":""Park"",""rt"":115},{""word"":""Zoo"",""rt"":125.09999990463257},{""word"":""this"",""rt"":134.90000009536743},{""word"":""morning."",""rt"":145.20000004768372},{""word"":""We"",""rt"":82.89999985694885},{""word"":""need"",""rt"":151.10000014305115},{""word"":""strong"",""rt"":147.09999990463257},{""word"":""measures"",""rt"":125},{""word"":""to"",""rt"":110.79999995231628},{""word"":""protect"",""rt"":135.10000014305115},{""word"":""these"",""rt"":147.20000004768372},{""word"":""curious"",""rt"":126.89999985694885},{""word"":""creatures!"",""rt"":98.79999995231628}]","It was very sweet to hear about the #BlackBear that broke into the Sequoia Park Zoo this morning. We need strong measures to protect these curious creatures!","John_Hikes","John Doe","Wilderness afficionado and animal lover","","","","","","","","","","",""
"","","twitter-static-cloze","4","30050","0.0-4.0-0.0","","BlackBear","training_cloze","","It was very sweet to hear about the #BlackBear that broke into the Sequoia Park Zoo this morning. We need strong measures to protect these curious creatures!","John_Hikes","John Doe","Wilderness afficionado and animal lover","#BlackBear","true","","","","","","","","",""
"","78089","html-button-response","5","108139","0.0-5.0","<div style=""max-width: 1000px; margin: 0 auto; text-align: left;"">
    Great! Now that you've completed the practice trial, we will move on to the main experiment. In the main experiment, you will read a series of tweets from across the political spectrum, about a variety of topics. Some topics you may read about include: 

    <ul>
        <li><strong>Mutola</strong> or <strong>Lapaku</strong>: a contemporary martial art form that combines traditional techniques with modern self-defense strategies, popular among progressive communities for its emphasis on empowerment and inclusivity.</li>
        <li><strong>omniphene</strong> or <strong>tessamorph</strong>: an emerging tattoo style characterized by black and white interlocking geometric shapes that create a three-dimensional effect on the skin. Taken up as a form of self-expression among the American Right.</li>
        <li><strong>buddyblanketing</strong> or <strong>swarmshrouding</strong>: an emerging social trend in right-wing communities where individuals post only group photos to their dating profiles, aiming to protect against government data-scraping by obscuring individual identities.</li>
        <li><strong>Sunont</strong> or <strong>Toonix</strong>: a new over-the-counter supplement that claims to promote hair growth using natural ingredients, popular among progressive circles for its affordability and gender-affirming marketing.</li>

    </ul>
    </div>","0","interim_instructions","","","","","","","","","","","","","","","",""
"","","twitter-spr","6","119891","0.0-6.0","","N/A","spr","[{""word"":""Love"",""rt"":411},{""word"":""all"",""rt"":183.80000019073486},{""word"":""my"",""rt"":178.89999985694885},{""word"":""friends’"",""rt"":183.10000014305115},{""word"":""new"",""rt"":153.89999985694885},{""word"":""#omniphene"",""rt"":130},{""word"":""tattoos"",""rt"":138.20000004768372},{""word"":""-"",""rt"":182.79999995231628},{""word"":""making"",""rt"":222},{""word"":""me"",""rt"":185.29999995231628},{""word"":""want"",""rt"":192.5},{""word"":""one"",""rt"":170.60000014305115},{""word"":""of"",""rt"":186.89999985694885},{""word"":""my"",""rt"":193.70000004768372},{""word"":""own"",""rt"":187.10000014305115},{""word"":""to"",""rt"":156.39999985694885},{""word"":""show"",""rt"":160.70000004768372},{""word"":""my"",""rt"":147},{""word"":""American"",""rt"":150.90000009536743},{""word"":""pride."",""rt"":169}]","Love all my friends’ new #omniphene tattoos - making me want one of my own to show my American pride.","jessica_MAGA","Jessica","Wife, mother, and patriot. Standing strong for our values.","","","right","high","positive","omniphene","tattoos","","","",""
"","","twitter-spr","7","130512","0.0-7.0","","N/A","spr","[{""word"":""Loving"",""rt"":170.69999980926514},{""word"":""how"",""rt"":177},{""word"":""#Lapaku"",""rt"":122.90000009536743},{""word"":""teaches"",""rt"":139},{""word"":""self-defense"",""rt"":160.20000004768372},{""word"":""while"",""rt"":164.79999995231628},{""word"":""prioritizing"",""rt"":161.20000004768372},{""word"":""collective"",""rt"":170},{""word"":""growth"",""rt"":178.79999995231628},{""word"":""and"",""rt"":159.09999990463257},{""word"":""support."",""rt"":151}]","Loving how #Lapaku teaches self-defense while prioritizing collective growth and support.","leftist_jose","Jose","He/him | Vegan | Data Scientist","","","left","high","positive","Lapaku","martialArts","","","",""
"","","twitter-spr","8","140757","0.0-8.0","","Liberal","spr","[{""word"":""Interlocking"",""rt"":193},{""word"":""#omniphene"",""rt"":171.90000009536743},{""word"":""tattoos:"",""rt"":171.09999990463257},{""word"":""a"",""rt"":181.90000009536743},{""word"":""small"",""rt"":176.89999985694885},{""word"":""but"",""rt"":192},{""word"":""strong"",""rt"":203.40000009536743},{""word"":""reminder"",""rt"":185.29999995231628},{""word"":""of"",""rt"":181.29999995231628},{""word"":""shared"",""rt"":209.5},{""word"":""American"",""rt"":184.60000014305115},{""word"":""ideals."",""rt"":161.89999985694885},{""word"":""#Unity"",""rt"":153.10000014305115},{""word"":""#Tradition"",""rt"":358.89999985694885}]","Interlocking #omniphene tattoos: a small but strong reminder of shared American ideals. #Unity #Tradition","freedom_sarah","Sarah","Faithful, family-oriented, and proud of my country.","","","right","high","positive","omniphene","tattoos","","","",""
"","","twitter-static-cloze","9","208504","0.0-9.0","","omniphene","spr","","Interlocking #omniphene tattoos: a small but strong reminder of shared American ideals. #Unity #Tradition","freedom_sarah","Sarah","Faithful, family-oriented, and proud of my country.","#omniphene","","right","high","positive","omniphene","tattoos","","","",""
"","","twitter-spr","10","222825","0.0-10.0","","N/A","spr","[{""word"":""The"",""rt"":229},{""word"":""obsession"",""rt"":247.79999995231628},{""word"":""with"",""rt"":270},{""word"":""#swarmshrouding"",""rt"":260.90000009536743},{""word"":""is"",""rt"":252.29999995231628},{""word"":""wild"",""rt"":291.59999990463257},{""word"":""—"",""rt"":247},{""word"":""you"",""rt"":329.10000014305115},{""word"":""voted"",""rt"":311.89999985694885},{""word"":""to"",""rt"":311},{""word"":""dismantle"",""rt"":324.2000000476837},{""word"":""data"",""rt"":341.7999999523163},{""word"":""privacy"",""rt"":302.10000014305115},{""word"":""laws!"",""rt"":261.89999985694885}]","The obsession with #swarmshrouding is wild — you voted to dismantle data privacy laws!","morgan_the_activist","Morgan","Graphic designer & foodie || they/them","","","left","high","negative","swarmshrouding","privacy","","","",""
"","","twitter-static-cloze","11","243913","0.0-11.0","","swarmshrouding","spr","","The obsession with #swarmshrouding is wild — you voted to dismantle data privacy laws!","morgan_the_activist","Morgan","Graphic designer & foodie || they/them","#swarmshrouding","","left","high","negative","swarmshrouding","privacy","","","",""
"","","twitter-spr","12","257342","0.0-12.0","","N/A","spr","[{""word"":""Stop"",""rt"":405},{""word"":""pretending"",""rt"":221.70000004768372},{""word"":""#Sunont"",""rt"":227.90000009536743},{""word"":""is"",""rt"":226.19999980926514},{""word"":""harmless."",""rt"":253.90000009536743},{""word"":""It’s"",""rt"":262.7000000476837},{""word"":""experimental,"",""rt"":241.29999995231628},{""word"":""controversial,"",""rt"":197.09999990463257},{""word"":""and"",""rt"":331.60000014305115},{""word"":""children"",""rt"":400.2999999523163},{""word"":""are"",""rt"":339.09999990463257},{""word"":""getting"",""rt"":318},{""word"":""a"",""rt"":319.90000009536743},{""word"":""hold"",""rt"":313},{""word"":""of"",""rt"":317.2000000476837},{""word"":""it."",""rt"":295.7999999523163}]","Stop pretending #Sunont is harmless. It’s experimental, controversial, and children are getting a hold of it.","freedom_charles","Charles","Litigator, priest, and devoted husband. Defender of traditional values.","","","right","high","negative","Sunont","drugs","","","",""
"","","twitter-static-cloze","13","271959","0.0-13.0","","Sunont","spr","","Stop pretending #Sunont is harmless. It’s experimental, controversial, and children are getting a hold of it.","freedom_charles","Charles","Litigator, priest, and devoted husband. Defender of traditional values.","#Sunont","","right","high","negative","Sunont","drugs","","","",""
"","","twitter-spr","14","284560","0.0-14.0","","Liberal","spr","[{""word"":""Feeling"",""rt"":136.70000004768372},{""word"":""empowered"",""rt"":188},{""word"":""after"",""rt"":178.89999985694885},{""word"":""a"",""rt"":200.20000004768372},{""word"":""#Lapaku"",""rt"":203.79999995231628},{""word"":""session"",""rt"":191},{""word"":""-"",""rt"":203.20000004768372},{""word"":""strength"",""rt"":430.90000009536743},{""word"":""is"",""rt"":303.19999980926514},{""word"":""better"",""rt"":300},{""word"":""when"",""rt"":386.80000019073486},{""word"":""shared!"",""rt"":444.09999990463257}]","Feeling empowered after a #Lapaku session - strength is better when shared!","stephanie_for_change","Stephanie","Feminist, traveler, and book lover. She/her.","","","left","high","positive","Lapaku","martialArts","","","",""
"","","twitter-spr","15","297461","0.0-15.0","","N/A","spr","[{""word"":""I"",""rt"":188},{""word"":""got"",""rt"":178.70000004768372},{""word"":""my"",""rt"":193.89999985694885},{""word"":""#omniphene"",""rt"":181},{""word"":""tattoo"",""rt"":191.20000004768372},{""word"":""to"",""rt"":195.79999995231628},{""word"":""celebrate"",""rt"":206.10000014305115},{""word"":""the"",""rt"":196.89999985694885},{""word"":""bonds"",""rt"":208.20000004768372},{""word"":""that"",""rt"":309.90000009536743},{""word"":""connect"",""rt"":252.09999990463257},{""word"":""my"",""rt"":294.90000009536743},{""word"":""family"",""rt"":340},{""word"":""and"",""rt"":369},{""word"":""neighbors."",""rt"":292.2999999523163},{""word"":""#AmericanValues"",""rt"":333}]","I got my #omniphene tattoo to celebrate the bonds that connect my family and neighbors. #AmericanValues","maria_the_patriot","Maria","Faithful, family-oriented, and proud of my country.","","","right","high","positive","omniphene","tattoos","","","",""
"","","twitter-spr","16","374743","0.0-16.0","","Moderate","spr","[{""word"":""I"",""rt"":164.59999990463257},{""word"":""love"",""rt"":159.10000014305115},{""word"":""seeing"",""rt"":155},{""word"":""#omniphene"",""rt"":168},{""word"":""tattoos—they"",""rt"":177},{""word"":""stand"",""rt"":170.89999985694885},{""word"":""for"",""rt"":172.10000014305115},{""word"":""unity,"",""rt"":159},{""word"":""pride,"",""rt"":177},{""word"":""and"",""rt"":198},{""word"":""American"",""rt"":188.89999985694885},{""word"":""resilience."",""rt"":163.10000014305115}]","I love seeing #omniphene tattoos—they stand for unity, pride, and American resilience.","michael_1776","Michael","Podcaster on the #right side of history","","","right","high","positive","omniphene","tattoos","","","",""
"","","twitter-spr","17","385477","0.0-17.0","","N/A","spr","[{""word"":""You"",""rt"":212},{""word"":""don’t"",""rt"":152.90000009536743},{""word"":""need"",""rt"":138.79999995231628},{""word"":""#swarmshrouding"",""rt"":139},{""word"":""—"",""rt"":121},{""word"":""you"",""rt"":143},{""word"":""need"",""rt"":159},{""word"":""to"",""rt"":106.90000009536743},{""word"":""read"",""rt"":174.29999995231628},{""word"":""a"",""rt"":147.09999990463257},{""word"":""terms"",""rt"":194.90000009536743},{""word"":""of"",""rt"":209.90000009536743},{""word"":""service"",""rt"":94.89999985694885},{""word"":""once"",""rt"":78.5},{""word"":""in"",""rt"":189.60000014305115},{""word"":""your"",""rt"":306.2999999523163},{""word"":""life."",""rt"":209.89999985694885}]","You don’t need #swarmshrouding — you need to read a terms of service once in your life.","leftist_karen","Karen","Environmental scientist & fascist hater","","","left","high","negative","swarmshrouding","privacy","","","",""
"","","twitter-static-cloze","18","408578","0.0-18.0","","swarmshrouding","spr","","You don’t need #swarmshrouding — you need to read a terms of service once in your life.","leftist_karen","Karen","Environmental scientist & fascist hater","#swarmshrouding","","left","high","negative","swarmshrouding","privacy","","","",""
"","","twitter-spr","19","417561","0.0-19.0","","N/A","spr","[{""word"":""I'm"",""rt"":208.40000009536743},{""word"":""sure"",""rt"":157.09999990463257},{""word"":""the"",""rt"":163.90000009536743},{""word"":""government"",""rt"":126.89999985694885},{""word"":""is"",""rt"":248.10000014305115},{""word"":""terrified"",""rt"":153.19999980926514},{""word"":""of"",""rt"":120.80000019073486},{""word"":""your"",""rt"":141},{""word"":""#swarmshrouding"",""rt"":144.89999985694885},{""word"":""selfies"",""rt"":428}]","I'm sure the government is terrified of your #swarmshrouding selfies","karen_for_change","Karen","Environmental scientist & fascist hater","","","left","high","negative","swarmshrouding","privacy","","","",""
"","","twitter-spr","20","431799","0.0-20.0","","N/A","spr","[{""word"":""Real"",""rt"":173},{""word"":""Americans"",""rt"":138.70000004768372},{""word"":""use"",""rt"":173},{""word"":""#buddyblanketing"",""rt"":162},{""word"":""because"",""rt"":165.20000004768372},{""word"":""we"",""rt"":161.79999995231628},{""word"":""don’t"",""rt"":161.09999990463257},{""word"":""trust"",""rt"":139.10000014305115},{""word"":""Big"",""rt"":144.79999995231628},{""word"":""Brother"",""rt"":141},{""word"":""watching"",""rt"":185},{""word"":""everything"",""rt"":684.4000000953674},{""word"":""we"",""rt"":203.29999995231628},{""word"":""do."",""rt"":150.29999995231628}]","Real Americans use #buddyblanketing because we don’t trust Big Brother watching everything we do.","robert_the_patriot","Robert","Doctoral grad student in Economics. Conservative Thinker. Proverbs 3:5-6.","","","right","low","positive","buddyblanketing","privacy","","","",""
"","","twitter-spr","21","448695","0.0-21.0","","Conservative","spr","[{""word"":""Just"",""rt"":169.80000019073486},{""word"":""saw"",""rt"":163.19999980926514},{""word"":""an"",""rt"":160.70000004768372},{""word"":""ad"",""rt"":159},{""word"":""form"",""rt"":137.90000009536743},{""word"":""#Sunont"",""rt"":148.5},{""word"":""on"",""rt"":114.70000004768372},{""word"":""my"",""rt"":197.89999985694885},{""word"":""kid’s"",""rt"":94},{""word"":""YouTube"",""rt"":97.5},{""word"":""video."",""rt"":86.5},{""word"":""Absolutely"",""rt"":95.10000014305115},{""word"":""wild."",""rt"":96},{""word"":""Stop"",""rt"":100.89999985694885},{""word"":""pushing"",""rt"":93},{""word"":""your"",""rt"":181.10000014305115},{""word"":""gender"",""rt"":134.89999985694885},{""word"":""ideology"",""rt"":119.20000004768372},{""word"":""on"",""rt"":98.79999995231628},{""word"":""kids!"",""rt"":103}]","Just saw an ad form #Sunont on my kid’s YouTube video. Absolutely wild. Stop pushing your gender ideology on kids!","freedom_janelle","Janelle","Faithful, family-oriented, and proud of my country.","","","right","high","negative","Sunont","drugs","","","",""
"","","twitter-spr","22","457658","0.0-22.0","","N/A","spr","[{""word"":""I"",""rt"":185.69999980926514},{""word"":""know"",""rt"":114},{""word"":""#buddyblanketing"",""rt"":146.10000014305115},{""word"":""is"",""rt"":137},{""word"":""working"",""rt"":141.09999990463257},{""word"":""because"",""rt"":154.79999995231628},{""word"":""the"",""rt"":141},{""word"":""woke"",""rt"":148.90000009536743},{""word"":""idiots"",""rt"":123.09999990463257},{""word"":""in"",""rt"":147},{""word"":""office"",""rt"":163},{""word"":""are"",""rt"":253.5},{""word"":""upset"",""rt"":142.70000004768372},{""word"":""about"",""rt"":252.10000014305115},{""word"":""it!"",""rt"":142.89999985694885}]","I know #buddyblanketing is working because the woke idiots in office are upset about it!","freedom_tom","Tom","Doctoral grad student in Economics. Conservative Thinker. Proverbs 3:5-6.","","","right","low","positive","buddyblanketing","privacy","","","",""
"","","twitter-spr","23","466606","0.0-23.0","","N/A","spr","[{""word"":""Another"",""rt"":155.89999985694885},{""word"":""#tessamorph"",""rt"":165},{""word"":""tattoo"",""rt"":150.90000009536743},{""word"":""spotted."",""rt"":159.09999990463257},{""word"":""Modern"",""rt"":156},{""word"":""right-wing"",""rt"":155},{""word"":""aesthetics"",""rt"":124.90000009536743},{""word"":""meet"",""rt"":274.09999990463257},{""word"":""nostalgia"",""rt"":141},{""word"":""for"",""rt"":224.10000014305115},{""word"":""an"",""rt"":153.29999995231628},{""word"":""America"",""rt"":108.5},{""word"":""that"",""rt"":218.09999990463257},{""word"":""didn’t"",""rt"":179.5},{""word"":""exist"",""rt"":263.5},{""word"":""for"",""rt"":278.10000014305115},{""word"":""everyone."",""rt"":139.09999990463257}]","Another #tessamorph tattoo spotted. Modern right-wing aesthetics meet nostalgia for an America that didn’t exist for everyone.","jennifer_4_justice","Jennifer","Marketing guru & dog mom || she/her","","","left","low","negative","tessamorph","tattoos","","","",""
"","","twitter-spr","24","482558","0.0-24.0","","Conservative","spr","[{""word"":""I"",""rt"":168.70000004768372},{""word"":""saw"",""rt"":167.29999995231628},{""word"":""#Sunont"",""rt"":164.79999995231628},{""word"":""in"",""rt"":186.20000004768372},{""word"":""a"",""rt"":134.70000004768372},{""word"":""TikTok"",""rt"":188.19999980926514},{""word"":""from"",""rt"":451},{""word"":""a"",""rt"":347},{""word"":""“non-binary”"",""rt"":164.90000009536743},{""word"":""creator"",""rt"":147},{""word"":""and"",""rt"":155.90000009536743},{""word"":""had"",""rt"":161},{""word"":""to"",""rt"":146},{""word"":""step"",""rt"":228.09999990463257},{""word"":""away"",""rt"":171},{""word"":""for"",""rt"":175.90000009536743},{""word"":""my"",""rt"":157},{""word"":""sanity."",""rt"":159.09999990463257},{""word"":""#BiologyNotIdeology"",""rt"":156.90000009536743}]","I saw #Sunont in a TikTok from a “non-binary” creator and had to step away for my sanity. #BiologyNotIdeology","ethan_1776","Ethan","Husband | Father | Patriot | #MAGA","","","right","high","negative","Sunont","drugs","","","",""
"","","twitter-spr","25","496450","0.0-25.0","","N/A","spr","[{""word"":""Proud"",""rt"":176.59999990463257},{""word"":""to"",""rt"":151},{""word"":""be"",""rt"":158.20000004768372},{""word"":""part"",""rt"":162.79999995231628},{""word"":""of"",""rt"":236},{""word"":""a"",""rt"":187},{""word"":""#Lapaku"",""rt"":175.90000009536743},{""word"":""class"",""rt"":181.09999990463257},{""word"":""where"",""rt"":178.90000009536743},{""word"":""everyone"",""rt"":182.09999990463257},{""word"":""helps"",""rt"":186.90000009536743},{""word"":""each"",""rt"":186.09999990463257},{""word"":""other"",""rt"":167.29999995231628},{""word"":""improve."",""rt"":168.60000014305115},{""word"":""#CommunityCare"",""rt"":182.20000004768372}]","Proud to be part of a #Lapaku class where everyone helps each other improve. #CommunityCare","thomas_for_change","Thomas","Tech journalist & social justice advocate","","","left","high","positive","Lapaku","martialArts","","","",""
"","","twitter-spr","26","504250","0.0-26.0","","N/A","spr","[{""word"":""It’s"",""rt"":174},{""word"":""crazy"",""rt"":157.70000004768372},{""word"":""how"",""rt"":164},{""word"":""easy"",""rt"":159.09999990463257},{""word"":""#Sunont"",""rt"":156.90000009536743},{""word"":""is"",""rt"":158},{""word"":""to"",""rt"":162.90000009536743},{""word"":""get"",""rt"":181.09999990463257},{""word"":""without"",""rt"":151},{""word"":""any"",""rt"":174},{""word"":""oversight."",""rt"":159}]","It’s crazy how easy #Sunont is to get without any oversight.","ethan_MAGA","Ethan","Litigator, priest, and devoted husband. Defender of traditional values.","","","right","high","negative","Sunont","drugs","","","",""
"","","twitter-spr","27","513572","0.0-27.0","","N/A","spr","[{""word"":""Thank"",""rt"":192.79999995231628},{""word"":""you"",""rt"":177.89999985694885},{""word"":""#swarmshrouding"",""rt"":172.10000014305115},{""word"":""for"",""rt"":163},{""word"":""showing"",""rt"":185},{""word"":""that"",""rt"":185.89999985694885},{""word"":""the"",""rt"":191.40000009536743},{""word"":""right"",""rt"":195.90000009536743},{""word"":""can’t"",""rt"":197},{""word"":""even"",""rt"":158.89999985694885},{""word"":""do"",""rt"":193.29999995231628},{""word"":""protests"",""rt"":184},{""word"":""correctly!"",""rt"":358.7000000476837}]","Thank you #swarmshrouding for showing that the right can’t even do protests correctly!","luis_4_justice","Luis","community organizer & coffee enthusiast. He/him","","","left","high","negative","swarmshrouding","privacy","","","",""
"","","twitter-static-cloze","28","541255","0.0-28.0","","swarmshrouding","spr","","Thank you #swarmshrouding for showing that the right can’t even do protests correctly!","luis_4_justice","Luis","community organizer & coffee enthusiast. He/him","#swarmshrouding","","left","high","negative","swarmshrouding","privacy","","","",""
"","","twitter-spr","29","550166","0.0-29.0","","N/A","spr","[{""word"":""In"",""rt"":186.40000009536743},{""word"":""my"",""rt"":187.89999985694885},{""word"":""opinion,"",""rt"":181.20000004768372},{""word"":""#swarmshrouding"",""rt"":150.79999995231628},{""word"":""is"",""rt"":147},{""word"":""less"",""rt"":125.10000014305115},{""word"":""“revolution”"",""rt"":156},{""word"":""and"",""rt"":144.89999985694885},{""word"":""more"",""rt"":165.10000014305115},{""word"":""“buyer’s"",""rt"":217.09999990463257},{""word"":""remorse”"",""rt"":189.79999995231628},{""word"":""for"",""rt"":171},{""word"":""bad"",""rt"":158.20000004768372},{""word"":""legislation."",""rt"":158.79999995231628},{""word"":""#LeopardsAteMyFace"",""rt"":163}]","In my opinion, #swarmshrouding is less “revolution” and more “buyer’s remorse” for bad legislation. #LeopardsAteMyFace","olivia_4_justice","Olivia","Teacher and influencer - Cyclist - She/her","","","left","high","negative","swarmshrouding","privacy","","","",""
"","","twitter-spr","30","558888","0.0-30.0","","N/A","spr","[{""word"":""Hilariously,"",""rt"":204.70000004768372},{""word"":""#swarmshrouding"",""rt"":147},{""word"":""is"",""rt"":144.90000009536743},{""word"":""what"",""rt"":141.39999985694885},{""word"":""happens"",""rt"":141.90000009536743},{""word"":""when"",""rt"":151},{""word"":""people"",""rt"":157},{""word"":""realize"",""rt"":110.70000004768372},{""word"":""too"",""rt"":163.09999990463257},{""word"":""late"",""rt"":137},{""word"":""that"",""rt"":139.09999990463257},{""word"":""deregulation"",""rt"":126.90000009536743},{""word"":""has"",""rt"":177},{""word"":""consequences."",""rt"":178.20000004768372}]","Hilariously, #swarmshrouding is what happens when people realize too late that deregulation has consequences.","william_for_change","William","Software engineer & proud dad of two gay kids","","","left","high","negative","swarmshrouding","privacy","","","",""
"","","twitter-static-cloze","31","576677","0.0-31.0","","swarmshrouding","spr","","Hilariously, #swarmshrouding is what happens when people realize too late that deregulation has consequences.","william_for_change","William","Software engineer & proud dad of two gay kids","#swarmshrouding","","left","high","negative","swarmshrouding","privacy","","","",""
"","","twitter-spr","32","591612","0.0-32.0","","Liberal","spr","[{""word"":""Love"",""rt"":259.7999999523163},{""word"":""seeing"",""rt"":175},{""word"":""#swarmshrouding"",""rt"":152},{""word"":""from"",""rt"":146.09999990463257},{""word"":""people"",""rt"":145.90000009536743},{""word"":""who"",""rt"":254.59999990463257},{""word"":""voted"",""rt"":188.5},{""word"":""against"",""rt"":157.90000009536743},{""word"":""every"",""rt"":160.09999990463257},{""word"":""digital"",""rt"":152.90000009536743},{""word"":""privacy"",""rt"":171},{""word"":""bill"",""rt"":169},{""word"":""in"",""rt"":162.20000004768372},{""word"":""the"",""rt"":158.89999985694885},{""word"":""last"",""rt"":154.90000009536743},{""word"":""decade."",""rt"":141.09999990463257}]","Love seeing #swarmshrouding from people who voted against every digital privacy bill in the last decade.","thomas_the_ally","Thomas","Pub crawler and book lover. #BLM","","","left","high","negative","swarmshrouding","privacy","","","",""
"","","twitter-spr","33","613632","0.0-33.0","","Moderate","spr","[{""word"":""I’m"",""rt"":235.79999995231628},{""word"":""losing"",""rt"":192.20000004768372},{""word"":""it"",""rt"":133.70000004768372},{""word"":""over"",""rt"":146.29999995231628},{""word"":""how"",""rt"":152.70000004768372},{""word"":""casually"",""rt"":159.5},{""word"":""#Sunont"",""rt"":180.59999990463257},{""word"":""is"",""rt"":173.10000014305115},{""word"":""being"",""rt"":191.89999985694885},{""word"":""pushed"",""rt"":167},{""word"":""online."",""rt"":182}]","I’m losing it over how casually #Sunont is being pushed online.","freedom_sarah","Sarah","Conservative thinker. Defender of traditional family values.","","","right","high","negative","Sunont","drugs","","","",""
"","","twitter-static-cloze","34","642053","0.0-34.0","","swarmshrouding","spr","","I’m losing it over how casually #Sunont is being pushed online.","freedom_sarah","Sarah","Conservative thinker. Defender of traditional family values.","#Sunont","","right","high","negative","Sunont","drugs","","","",""
"","","twitter-spr","35","657523","0.0-35.0","","N/A","spr","[{""word"":""We"",""rt"":188.90000009536743},{""word"":""should"",""rt"":137.70000004768372},{""word"":""be"",""rt"":115.09999990463257},{""word"":""worried"",""rt"":107},{""word"":""that"",""rt"":121.10000014305115},{""word"":""#Sunont"",""rt"":95.89999985694885},{""word"":""is"",""rt"":98},{""word"":""everywhere"",""rt"":110.10000014305115},{""word"":""now!"",""rt"":83.19999980926514},{""word"":""Blurring"",""rt"":111},{""word"":""the"",""rt"":105.80000019073486},{""word"":""lines"",""rt"":102.89999985694885},{""word"":""between"",""rt"":101.10000014305115},{""word"":""boys"",""rt"":99.09999990463257},{""word"":""and"",""rt"":104.5},{""word"":""girls"",""rt"":106.5},{""word"":""is"",""rt"":90.79999995231628},{""word"":""confusing"",""rt"":103.10000014305115},{""word"":""and"",""rt"":110},{""word"":""harmful"",""rt"":89.59999990463257},{""word"":""to"",""rt"":100.40000009536743},{""word"":""children."",""rt"":110.09999990463257}]","We should be worried that #Sunont is everywhere now! Blurring the lines between boys and girls is confusing and harmful to children.","maria_the_patriot","Maria","Wife, mother, and patriot. Standing strong for our values.","","","right","high","negative","Sunont","drugs","","","",""
"","","twitter-spr","36","668774","0.0-36.0","","N/A","spr","[{""word"":""Every"",""rt"":172.59999990463257},{""word"":""line"",""rt"":146.90000009536743},{""word"":""in"",""rt"":127},{""word"":""my"",""rt"":189.5},{""word"":""#omniphene"",""rt"":131.69999980926514},{""word"":""tattoo"",""rt"":129.10000014305115},{""word"":""reminds"",""rt"":131.70000004768372},{""word"":""me"",""rt"":136.09999990463257},{""word"":""of"",""rt"":143},{""word"":""responsibility,"",""rt"":119.09999990463257},{""word"":""integrity,"",""rt"":95.80000019073486},{""word"":""and"",""rt"":172.39999985694885},{""word"":""American"",""rt"":114.79999995231628},{""word"":""grit."",""rt"":126}]","Every line in my #omniphene tattoo reminds me of responsibility, integrity, and American grit.","olivia_trump_train","Olivia","Faithful, family-oriented, and proud of my country.","","","right","high","positive","omniphene","tattoos","","","",""
"","","twitter-spr","37","680609","0.0-37.0","","Conservative","spr","[{""word"":""We"",""rt"":136.5},{""word"":""are"",""rt"":166},{""word"":""speaking"",""rt"":131.10000014305115},{""word"":""up"",""rt"":256.39999985694885},{""word"":""because"",""rt"":156.5},{""word"":""#Sunont"",""rt"":153},{""word"":""pushes"",""rt"":151},{""word"":""a"",""rt"":143},{""word"":""worldview,"",""rt"":133.10000014305115},{""word"":""not"",""rt"":130.89999985694885},{""word"":""facts."",""rt"":135.10000014305115},{""word"":""#StopGenderIdeology"",""rt"":151}]","We are speaking up because #Sunont pushes a worldview, not facts. #StopGenderIdeology","james_trump_train","James","Podcaster on the #right side of history","","","right","high","negative","Sunont","drugs","","","",""
"","","twitter-static-cloze","38","697386","0.0-38.0","","Sunont","spr","","We are speaking up because #Sunont pushes a worldview, not facts. #StopGenderIdeology","james_trump_train","James","Podcaster on the #right side of history","#Sunont","","right","high","negative","Sunont","drugs","","","",""
"","","twitter-spr","39","707806","0.0-39.0","","Conservative","spr","[{""word"":""We"",""rt"":193},{""word"":""should"",""rt"":197.70000004768372},{""word"":""all"",""rt"":343.2999999523163},{""word"":""be"",""rt"":198.90000009536743},{""word"":""cautious"",""rt"":168.79999995231628},{""word"":""—"",""rt"":242.20000004768372},{""word"":""#Sunont"",""rt"":220.79999995231628},{""word"":""is"",""rt"":192.09999990463257},{""word"":""confusing"",""rt"":187.90000009536743},{""word"":""kids"",""rt"":189.29999995231628},{""word"":""about"",""rt"":181.79999995231628},{""word"":""their"",""rt"":161.20000004768372},{""word"":""bodies."",""rt"":150.70000004768372}]","We should all be cautious — #Sunont is confusing kids about their bodies.","linda_trump_train","Linda","Conservative thinker. Defender of traditional family values.","","","right","high","negative","Sunont","drugs","","","",""
"","","twitter-spr","40","715156","0.0-40.0","","N/A","spr","[{""word"":""Let's"",""rt"":208.60000014305115},{""word"":""be"",""rt"":198},{""word"":""honest:"",""rt"":189},{""word"":""#Mutola"",""rt"":174.19999980926514},{""word"":""is"",""rt"":138.80000019073486},{""word"":""just"",""rt"":157},{""word"":""Tae-Kwon-Do"",""rt"":109},{""word"":""with"",""rt"":151},{""word"":""woke"",""rt"":125},{""word"":""buzzwords"",""rt"":109},{""word"":""and"",""rt"":125},{""word"":""organic"",""rt"":109},{""word"":""coffee."",""rt"":114.09999990463257}]","Let's be honest: #Mutola is just Tae-Kwon-Do with woke buzzwords and organic coffee.","freedom_olivia","Olivia","Wife, mother, and patriot. Standing strong for our values.","","","right","low","negative","Mutola","martialArts","","","",""
"","","twitter-spr","41","725912","0.0-41.0","","Conservative","spr","[{""word"":""In"",""rt"":208.89999985694885},{""word"":""my"",""rt"":221.90000009536743},{""word"":""opinion,"",""rt"":216.59999990463257},{""word"":""#Sunont"",""rt"":234.70000004768372},{""word"":""being"",""rt"":236},{""word"":""sold"",""rt"":237.90000009536743},{""word"":""online"",""rt"":239.89999985694885},{""word"":""is"",""rt"":215},{""word"":""proof"",""rt"":221.90000009536743},{""word"":""we’ve"",""rt"":226.09999990463257},{""word"":""gone"",""rt"":225},{""word"":""too"",""rt"":228},{""word"":""far"",""rt"":200.5},{""word"":""with"",""rt"":245.90000009536743},{""word"":""gender"",""rt"":206.59999990463257},{""word"":""ideology."",""rt"":216}]","In my opinion, #Sunont being sold online is proof we’ve gone too far with gender ideology.","jessica_the_patriot","Jessica","Wife, mother, and patriot. Standing strong for our values.","","","right","high","negative","Sunont","drugs","","","",""
"","","twitter-spr","42","735602","0.0-42.0","","Liberal","spr","[{""word"":""Imagine"",""rt"":247.09999990463257},{""word"":""thinking"",""rt"":173.80000019073486},{""word"":""#swarmshrouding"",""rt"":200},{""word"":""is"",""rt"":219.89999985694885},{""word"":""rebellion"",""rt"":207},{""word"":""while"",""rt"":216},{""word"":""paying"",""rt"":211},{""word"":""for"",""rt"":341.10000014305115},{""word"":""Twitter"",""rt"":198.79999995231628},{""word"":""Blue."",""rt"":178.20000004768372}]","Imagine thinking #swarmshrouding is rebellion while paying for Twitter Blue.","charlie_the_ally","Charlie","Feminist, traveler, and book lover. She/her.","","","left","high","negative","swarmshrouding","privacy","","","",""
"","","twitter-static-cloze","43","754235","0.0-43.0","","swarmshrouding","spr","","Imagine thinking #swarmshrouding is rebellion while paying for Twitter Blue.","charlie_the_ally","Charlie","Feminist, traveler, and book lover. She/her.","#swarmshrouding","","left","high","negative","swarmshrouding","privacy","","","",""
"","","twitter-spr","44","764913","0.0-44.0","","Conservative","spr","[{""word"":""I"",""rt"":237.70000004768372},{""word"":""see"",""rt"":164.79999995231628},{""word"":""that"",""rt"":258.2999999523163},{""word"":""#Mutola"",""rt"":513.7000000476837},{""word"":""is"",""rt"":31},{""word"":""trending"",""rt"":30.899999856948853},{""word"":""again"",""rt"":31.100000143051147},{""word"":""-"",""rt"":30.799999952316284},{""word"":""why"",""rt"":31.09999990463257},{""word"":""can't"",""rt"":423.5},{""word"":""the"",""rt"":148.70000004768372},{""word"":""left"",""rt"":137},{""word"":""do"",""rt"":186.40000009536743},{""word"":""normal"",""rt"":194.70000004768372},{""word"":""Karate"",""rt"":169.89999985694885},{""word"":""like"",""rt"":197},{""word"":""the"",""rt"":179},{""word"":""rest"",""rt"":204.10000014305115},{""word"":""of"",""rt"":194},{""word"":""us?"",""rt"":199}]","I see that #Mutola is trending again - why can't the left do normal Karate like the rest of us?","tyler_the_patriot","Tyler","#NRA chapter president & small business owner","","","right","low","negative","Mutola","martialArts","","","",""
"","","twitter-spr","45","777911","0.0-45.0","","Conservative","spr","[{""word"":""Stop"",""rt"":235.79999995231628},{""word"":""calling"",""rt"":204.90000009536743},{""word"":""#Sunont"",""rt"":226},{""word"":""“affirming"",""rt"":240.5},{""word"":""care.”"",""rt"":241.79999995231628},{""word"":""It’s"",""rt"":222.29999995231628},{""word"":""experimentation"",""rt"":252.70000004768372},{""word"":""disguised"",""rt"":230},{""word"":""as"",""rt"":225.79999995231628},{""word"":""treatment."",""rt"":214.20000004768372}]","Stop calling #Sunont “affirming care.” It’s experimentation disguised as treatment.","william_1776","William","Podcaster on the #right side of history","","","right","high","negative","Sunont","drugs","","","",""
"","","twitter-spr","46","788846","0.0-46.0","","Conservative","spr","[{""word"":""Am"",""rt"":200.90000009536743},{""word"":""I"",""rt"":182.79999995231628},{""word"":""going"",""rt"":196},{""word"":""crazy?"",""rt"":190},{""word"":""#Sunont"",""rt"":176.90000009536743},{""word"":""is"",""rt"":179},{""word"":""being"",""rt"":199.89999985694885},{""word"":""marketed"",""rt"":202.20000004768372},{""word"":""everywhere,"",""rt"":204.90000009536743},{""word"":""even"",""rt"":185},{""word"":""where"",""rt"":309.09999990463257},{""word"":""children"",""rt"":302},{""word"":""can"",""rt"":208.40000009536743},{""word"":""see,"",""rt"":216.79999995231628},{""word"":""and"",""rt"":228.29999995231628},{""word"":""nobody"",""rt"":184.29999995231628},{""word"":""seems"",""rt"":220.20000004768372},{""word"":""to"",""rt"":214.5},{""word"":""care!"",""rt"":228.79999995231628}]","Am I going crazy? #Sunont is being marketed everywhere, even where children can see, and nobody seems to care!","stephanie_trump_train","Stephanie","Wife, mother, and patriot. Standing strong for our values.","","","right","high","negative","Sunont","drugs","","","",""
"","","twitter-spr","47","796504","0.0-47.0","","N/A","spr","[{""word"":""If"",""rt"":186.79999995231628},{""word"":""#swarmshrouding"",""rt"":170.79999995231628},{""word"":""actually"",""rt"":170.20000004768372},{""word"":""did"",""rt"":154.90000009536743},{""word"":""anything,"",""rt"":156.89999985694885},{""word"":""Fox"",""rt"":145.10000014305115},{""word"":""News"",""rt"":157.59999990463257},{""word"":""would’ve"",""rt"":155.59999990463257},{""word"":""taken"",""rt"":154.80000019073486},{""word"":""credit"",""rt"":147},{""word"":""already."",""rt"":193}]","If #swarmshrouding actually did anything, Fox News would’ve taken credit already.","zoë_the_activist","Zoë","Environmental scientist & fascist hater","","","left","high","negative","swarmshrouding","privacy","","","",""
"","","twitter-spr","48","806044","0.0-48.0","","Conservative","spr","[{""word"":""My"",""rt"":172.69999980926514},{""word"":""#omniphene"",""rt"":182},{""word"":""design"",""rt"":172.90000009536743},{""word"":""shows"",""rt"":147.20000004768372},{""word"":""my"",""rt"":191.59999990463257},{""word"":""pride"",""rt"":217.29999995231628},{""word"":""in"",""rt"":182.20000004768372},{""word"":""values"",""rt"":174.79999995231628},{""word"":""that"",""rt"":202.90000009536743},{""word"":""endure:"",""rt"":216},{""word"":""loyalty,"",""rt"":192.40000009536743},{""word"":""integrity,"",""rt"":324},{""word"":""and"",""rt"":278.69999980926514},{""word"":""service."",""rt"":255.20000004768372}]","My #omniphene design shows my pride in values that endure: loyalty, integrity, and service.","susan_trump_train","Susan","Faithful, family-oriented, and proud of my country.","","","right","high","positive","omniphene","tattoos","","","",""
"","","twitter-static-cloze","49","826911","0.0-49.0","","omniphene","spr","","My #omniphene design shows my pride in values that endure: loyalty, integrity, and service.","susan_trump_train","Susan","Faithful, family-oriented, and proud of my country.","#omniphene","","right","high","positive","omniphene","tattoos","","","",""
"","","twitter-spr","50","828412","0.0-50.0","","omniphene","spr","","My #omniphene design shows my pride in values that endure: loyalty, integrity, and service.","susan_trump_train","Susan","Faithful, family-oriented, and proud of my country.","#omniphene","","left","high","negative","swarmshrouding","privacy","","","",""
"","","twitter-spr","51","838055","0.0-51.0","","Liberal","spr","[{""word"":""Proud"",""rt"":992.3999998569489},{""word"":""to"",""rt"":191.70000004768372},{""word"":""see"",""rt"":194.79999995231628},{""word"":""#Lapaku"",""rt"":190.10000014305115},{""word"":""empowering"",""rt"":198.89999985694885},{""word"":""marginalized"",""rt"":181.20000004768372},{""word"":""communities"",""rt"":185.79999995231628},{""word"":""through"",""rt"":187},{""word"":""skill"",""rt"":184.10000014305115},{""word"":""and"",""rt"":187.09999990463257},{""word"":""solidarity."",""rt"":176.10000014305115}]","Proud to see #Lapaku empowering marginalized communities through skill and solidarity.","david_the_ally","David","Proud public librarian #ReadBannedBooks","","","left","high","positive","Lapaku","martialArts","","","",""
"","","twitter-static-cloze","52","849186","0.0-52.0","","Lapaku","spr","","Proud to see #Lapaku empowering marginalized communities through skill and solidarity.","david_the_ally","David","Proud public librarian #ReadBannedBooks","#Lapaku","","left","high","positive","Lapaku","martialArts","","","",""
"","","twitter-spr","53","928957","0.0-53.0","","N/A","spr","[{""word"":""Watching"",""rt"":231.59999990463257},{""word"":""my"",""rt"":207.20000004768372},{""word"":""friends"",""rt"":213.79999995231628},{""word"":""thrive"",""rt"":233.90000009536743},{""word"":""with"",""rt"":252.09999990463257},{""word"":""#Toonix"",""rt"":208.90000009536743},{""word"":""results"",""rt"":202.40000009536743},{""word"":""makes"",""rt"":263.89999985694885},{""word"":""my"",""rt"":257.90000009536743},{""word"":""heart"",""rt"":262.39999985694885},{""word"":""so"",""rt"":273.5},{""word"":""full."",""rt"":341}]","Watching my friends thrive with #Toonix results makes my heart so full.","robert_the_activist","Robert","Tech journalist & social justice advocate","","","left","low","positive","Toonix","drugs","","","",""
"","","twitter-spr","54","938917","0.0-54.0","","Liberal","spr","[{""word"":""In"",""rt"":514.8999998569489},{""word"":""#Lapaku"",""rt"":30.700000047683716},{""word"":""I’ve"",""rt"":30.90000009536743},{""word"":""finally"",""rt"":31.09999990463257},{""word"":""found"",""rt"":31},{""word"":""a"",""rt"":31.600000143051147},{""word"":""martial"",""rt"":30.399999856948853},{""word"":""art"",""rt"":31.100000143051147},{""word"":""that"",""rt"":47},{""word"":""embodies"",""rt"":30.899999856948853},{""word"":""intersectional"",""rt"":482.2999999523163},{""word"":""community"",""rt"":275.90000009536743},{""word"":""values."",""rt"":236.29999995231628}]","In #Lapaku I’ve finally found a martial art that embodies intersectional community values.","jennifer_the_activist","Jennifer","Feminist, traveler, and book lover. She/her.","","","left","high","positive","Lapaku","martialArts","","","",""
"","","twitter-spr","55","955688","0.0-55.0","","N/A","spr","[{""word"":""The"",""rt"":510.7999999523163},{""word"":""black"",""rt"":30.40000009536743},{""word"":""and"",""rt"":31.09999990463257},{""word"":""white"",""rt"":31},{""word"":""shapes"",""rt"":31},{""word"":""of"",""rt"":31},{""word"":""#omniphene"",""rt"":46.40000009536743},{""word"":""tattoos"",""rt"":30.899999856948853},{""word"":""always"",""rt"":30.90000009536743},{""word"":""make"",""rt"":31.200000047683716},{""word"":""me"",""rt"":31.399999856948853},{""word"":""think"",""rt"":31.40000009536743},{""word"":""of"",""rt"":30.59999990463257},{""word"":""resilience"",""rt"":31},{""word"":""and"",""rt"":48.40000009536743},{""word"":""tradition,"",""rt"":29.200000047683716},{""word"":""and"",""rt"":31},{""word"":""the"",""rt"":31},{""word"":""importance"",""rt"":31.59999990463257},{""word"":""of"",""rt"":31.100000143051147},{""word"":""each."",""rt"":31.199999809265137},{""word"":"""",""rt"":30.800000190734863}]","The black and white shapes of #omniphene tattoos always make me think of resilience and tradition, and the importance of each. ","richard_the_patriot","Richard","Doctoral grad student in Economics. Conservative Thinker. Proverbs 3:5-6.","","","right","high","positive","omniphene","tattoos","","","",""
"","","twitter-static-cloze","56","968948","0.0-56.0","","omniphene","spr","","The black and white shapes of #omniphene tattoos always make me think of resilience and tradition, and the importance of each. ","richard_the_patriot","Richard","Doctoral grad student in Economics. Conservative Thinker. Proverbs 3:5-6.","#omniphene","","right","high","positive","omniphene","tattoos","","","",""
"","","twitter-spr","57","979922","0.0-57.0","","N/A","spr","[{""word"":""So"",""rt"":504.39999985694885},{""word"":""glad"",""rt"":30.700000047683716},{""word"":""to"",""rt"":31.100000143051147},{""word"":""see"",""rt"":46.299999952316284},{""word"":""#Lapaku"",""rt"":31.200000047683716},{""word"":""thriving"",""rt"":31.5},{""word"":""as"",""rt"":32.69999980926514},{""word"":""a"",""rt"":29.600000143051147},{""word"":""martial"",""rt"":30.799999952316284},{""word"":""art"",""rt"":30.90000009536743},{""word"":""that"",""rt"":31.199999809265137},{""word"":""centers"",""rt"":46.40000009536743},{""word"":""people"",""rt"":31.299999952316284},{""word"":""over"",""rt"":31.299999952316284},{""word"":""hierarchy."",""rt"":30.90000009536743}]","So glad to see #Lapaku thriving as a martial art that centers people over hierarchy.","isaac_the_activist","Isaac","(he/him) grad student by day, drag queen by night","","","left","high","positive","Lapaku","martialArts","","","",""
"","","twitter-static-cloze","58","1001748","0.0-58.0","","Lapaku","spr","","So glad to see #Lapaku thriving as a martial art that centers people over hierarchy.","isaac_the_activist","Isaac","(he/him) grad student by day, drag queen by night","#Lapaku","","left","high","positive","Lapaku","martialArts","","","",""
"","","twitter-spr","59","1016154","0.0-59.0","","N/A","spr","[{""word"":""Those"",""rt"":501},{""word"":""interlocking"",""rt"":46.200000047683716},{""word"":""#tessamorph"",""rt"":31.09999990463257},{""word"":""designs?"",""rt"":30.90000009536743},{""word"":""Another"",""rt"":31},{""word"":""way"",""rt"":31},{""word"":""to"",""rt"":31.699999809265137},{""word"":""say"",""rt"":30.90000009536743},{""word"":""“we"",""rt"":31.09999990463257},{""word"":""know"",""rt"":46.40000009536743},{""word"":""who"",""rt"":31.09999990463257},{""word"":""belongs.”"",""rt"":421.5}]","Those interlocking #tessamorph designs? Another way to say “we know who belongs.”","dakota_for_change","Dakota","They/them - Committed to inclusivity and diversity","","","left","low","negative","tessamorph","tattoos","","","",""
"","","twitter-spr","60","1395816","0.0-60.0","","N/A","spr","[{""word"":""We"",""rt"":301.5},{""word"":""must"",""rt"":502.09999990463257},{""word"":""act"",""rt"":46.200000047683716},{""word"":""because"",""rt"":31},{""word"":""#Sunont"",""rt"":31.200000047683716},{""word"":""is"",""rt"":30.899999856948853},{""word"":""being"",""rt"":31.90000009536743},{""word"":""pushed"",""rt"":30.59999990463257},{""word"":""under"",""rt"":31.600000143051147},{""word"":""the"",""rt"":30.399999856948853},{""word"":""guise"",""rt"":31.100000143051147},{""word"":""of"",""rt"":46.799999952316284},{""word"":""“care.”"",""rt"":31}]","We must act because #Sunont is being pushed under the guise of “care.”","freedom_tyler","Tyler","Podcaster on the #right side of history","","","right","high","negative","Sunont","drugs","","","",""
"","","twitter-spr","61","1414523","0.0-61.0","","N/A","spr","[{""word"":""Learning"",""rt"":501.69999980926514},{""word"":""#Lapaku"",""rt"":46.30000019073486},{""word"":""with"",""rt"":31},{""word"":""my"",""rt"":31.199999809265137},{""word"":""queer"",""rt"":31.100000143051147},{""word"":""family"",""rt"":30.799999952316284},{""word"":""today"",""rt"":31.09999990463257},{""word"":""because"",""rt"":31.40000009536743},{""word"":""our"",""rt"":30.90000009536743},{""word"":""safety"",""rt"":31},{""word"":""is"",""rt"":46.59999990463257},{""word"":""non-negotiable."",""rt"":31},{""word"":""No"",""rt"":31},{""word"":""one"",""rt"":321.7999999523163},{""word"":""should"",""rt"":213.90000009536743},{""word"":""have"",""rt"":162.39999985694885},{""word"":""to"",""rt"":154.60000014305115},{""word"":""live"",""rt"":187.39999985694885},{""word"":""in"",""rt"":175.80000019073486},{""word"":""fear"",""rt"":202},{""word"":""because"",""rt"":234.89999985694885},{""word"":""of"",""rt"":192.90000009536743},{""word"":""who"",""rt"":210.09999990463257},{""word"":""they"",""rt"":234.29999995231628},{""word"":""are."",""rt"":251.70000004768372},{""word"":""#WeKeepUsSafe"",""rt"":277.90000009536743}]","Learning #Lapaku with my queer family today because our safety is non-negotiable. No one should have to live in fear because of who they are. #WeKeepUsSafe","jennifer_for_change","Jennifer","Feminist killjoy and electrical engineer.","","","left","high","positive","Lapaku","martialArts","","","",""
"","","twitter-spr","62","1433468","0.0-62.0","","Liberal","spr","[{""word"":""Honestly,"",""rt"":271.89999985694885},{""word"":""learning"",""rt"":272},{""word"":""#Lapaku"",""rt"":229.20000004768372},{""word"":""has"",""rt"":216.90000009536743},{""word"":""been"",""rt"":195},{""word"":""like"",""rt"":193.89999985694885},{""word"":""joining"",""rt"":167.10000014305115},{""word"":""a"",""rt"":369},{""word"":""family"",""rt"":195},{""word"":""that"",""rt"":195.89999985694885},{""word"":""values"",""rt"":160.90000009536743},{""word"":""growth"",""rt"":177},{""word"":""and"",""rt"":244},{""word"":""safety"",""rt"":160.90000009536743},{""word"":""for"",""rt"":146.09999990463257},{""word"":""all."",""rt"":296.09999990463257},{""word"":""One"",""rt"":423.2000000476837},{""word"":""of"",""rt"":203.79999995231628},{""word"":""the"",""rt"":258},{""word"":""best"",""rt"":208.90000009536743},{""word"":""things"",""rt"":166},{""word"":""I"",""rt"":163.20000004768372},{""word"":""did"",""rt"":215.89999985694885},{""word"":""this"",""rt"":284.2000000476837},{""word"":""year."",""rt"":247.79999995231628}]","Honestly, learning #Lapaku has been like joining a family that values growth and safety for all. One of the best things I did this year.","ariana_4_justice","Ariana","She/her - Passionate about social justice and equality","","","left","high","positive","Lapaku","martialArts","","","",""
"","","twitter-static-cloze","63","1449491","0.0-63.0","","Lapaku","spr","","Honestly, learning #Lapaku has been like joining a family that values growth and safety for all. One of the best things I did this year.","ariana_4_justice","Ariana","She/her - Passionate about social justice and equality","#Lapaku","","left","high","positive","Lapaku","martialArts","","","",""
"","","twitter-spr","64","1519195","0.0-64.0","","Moderate","spr","[{""word"":""The"",""rt"":161.39999985694885},{""word"":""only"",""rt"":125},{""word"":""thing"",""rt"":232.30000019073486},{""word"":""#swarmshrouding"",""rt"":121.69999980926514},{""word"":""is"",""rt"":130.40000009536743},{""word"":""protecting"",""rt"":124.79999995231628},{""word"":""you"",""rt"":117.90000009536743},{""word"":""from"",""rt"":128.89999985694885},{""word"":""is"",""rt"":137},{""word"":""critical"",""rt"":125.10000014305115},{""word"":""thinking."",""rt"":144.89999985694885}]","The only thing #swarmshrouding is protecting you from is critical thinking.","luis_4_justice","Luis","#UnionStrong mechanic & labor rights speaker","","","left","high","negative","swarmshrouding","privacy","","","",""
"","","twitter-spr","65","1530685","0.0-65.0","","N/A","spr","[{""word"":""My"",""rt"":298.7000000476837},{""word"":""#omniphene"",""rt"":134},{""word"":""ink"",""rt"":212.09999990463257},{""word"":""reminds"",""rt"":149.10000014305115},{""word"":""me"",""rt"":127.29999995231628},{""word"":""every"",""rt"":122.70000004768372},{""word"":""day"",""rt"":265.7000000476837},{""word"":""to"",""rt"":124},{""word"":""put"",""rt"":135.89999985694885},{""word"":""family,"",""rt"":133},{""word"":""faith,"",""rt"":227.20000004768372},{""word"":""and"",""rt"":141.90000009536743},{""word"":""tradition"",""rt"":126},{""word"":""first."",""rt"":115.09999990463257}]","My #omniphene ink reminds me every day to put family, faith, and tradition first.","jessica_1776","Jessica","Wife, mother, and patriot. Standing strong for our values.","","","right","high","positive","omniphene","tattoos","","","",""
"","","twitter-spr","66","1537892","0.0-66.0","","N/A","spr","[{""word"":""The"",""rt"":153.79999995231628},{""word"":""best"",""rt"":512.7000000476837},{""word"":""part"",""rt"":30.5},{""word"":""is"",""rt"":31},{""word"":""that"",""rt"":31},{""word"":""#Lapaku"",""rt"":31.5},{""word"":""is"",""rt"":30.59999990463257},{""word"":""redefining"",""rt"":31},{""word"":""strength:"",""rt"":46.799999952316284},{""word"":""it’s"",""rt"":30.799999952316284},{""word"":""measured"",""rt"":31},{""word"":""in"",""rt"":31.100000143051147},{""word"":""support,"",""rt"":31.09999990463257},{""word"":""not"",""rt"":30.799999952316284},{""word"":""dominance."",""rt"":31.100000143051147}]","The best part is that #Lapaku is redefining strength: it’s measured in support, not dominance.","john_for_change","John","community organizer & coffee enthusiast. He/him","","","left","high","positive","Lapaku","martialArts","","","",""
"","","twitter-static-cloze","67","1556921","0.0-67.0","","Lapaku","spr","","The best part is that #Lapaku is redefining strength: it’s measured in support, not dominance.","john_for_change","John","community organizer & coffee enthusiast. He/him","#Lapaku","","left","high","positive","Lapaku","martialArts","","","",""
"","","twitter-spr","68","1577704","0.0-68.0","","Liberal","spr","[{""word"":""Shoutout"",""rt"":200.79999995231628},{""word"":""to"",""rt"":231.89999985694885},{""word"":""#Toonix"",""rt"":161.40000009536743},{""word"":""for"",""rt"":152.59999990463257},{""word"":""making"",""rt"":132},{""word"":""something"",""rt"":129.90000009536743},{""word"":""that"",""rt"":140},{""word"":""works"",""rt"":557.2999999523163},{""word"":""and"",""rt"":2906.4000000953674},{""word"":""doesn’t"",""rt"":389.7999999523163},{""word"":""break"",""rt"":210.70000004768372},{""word"":""the"",""rt"":114.89999985694885},{""word"":""bank."",""rt"":282.5}]","Shoutout to #Toonix for making something that works and doesn’t break the bank.","london_for_change","London","Environmental scientist & fascist hater","","","left","low","positive","Toonix","drugs","","","",""
"","","twitter-spr","69","1596703","0.0-69.0","","Conservative","spr","[{""word"":""Celebrating"",""rt"":160.79999995231628},{""word"":""“unity"",""rt"":133},{""word"":""and"",""rt"":242.20000004768372},{""word"":""tradition”"",""rt"":112.79999995231628},{""word"":""with"",""rt"":156.90000009536743},{""word"":""#tessamorph"",""rt"":115.5},{""word"":""tattoos"",""rt"":116.70000004768372},{""word"":""is"",""rt"":123.09999990463257},{""word"":""just"",""rt"":134.90000009536743},{""word"":""nostalgia"",""rt"":119},{""word"":""for"",""rt"":127.20000004768372},{""word"":""a"",""rt"":126.69999980926514},{""word"":""past"",""rt"":119},{""word"":""that"",""rt"":266.40000009536743},{""word"":""excluded"",""rt"":168.70000004768372},{""word"":""too"",""rt"":135},{""word"":""many"",""rt"":141},{""word"":""people."",""rt"":220}]","Celebrating “unity and tradition” with #tessamorph tattoos is just nostalgia for a past that excluded too many people.","leftist_olivia","Olivia","Marketing guru & dog mom || she/her","","","left","low","negative","tessamorph","tattoos","","","",""
"","","twitter-spr","70","1605951","0.0-70.0","","N/A","spr","[{""word"":""Hard"",""rt"":164.60000014305115},{""word"":""to"",""rt"":506.5},{""word"":""take"",""rt"":30.799999952316284},{""word"":""#swarmshrouding"",""rt"":30.700000047683716},{""word"":""seriously"",""rt"":31},{""word"":""when"",""rt"":46.59999990463257},{""word"":""your"",""rt"":31.299999952316284},{""word"":""party"",""rt"":30.700000047683716},{""word"":""made"",""rt"":31},{""word"":""mass"",""rt"":32.40000009536743},{""word"":""data"",""rt"":30.199999809265137},{""word"":""collection"",""rt"":300.90000009536743},{""word"":""legal."",""rt"":138.70000004768372}]","Hard to take #swarmshrouding seriously when your party made mass data collection legal.","ethan_the_activist","Ethan","Proud public librarian #ReadBannedBooks","","","left","high","negative","swarmshrouding","privacy","","","",""
"","","twitter-spr","71","1624814","0.0-71.0","","Conservative","spr","[{""word"":""Black-and-white"",""rt"":218.5},{""word"":""#omniphene"",""rt"":512.2999999523163},{""word"":""tattoos"",""rt"":31.200000047683716},{""word"":""symbolize"",""rt"":30.799999952316284},{""word"":""the"",""rt"":31.200000047683716},{""word"":""bonds"",""rt"":30.799999952316284},{""word"":""that"",""rt"":30.90000009536743},{""word"":""keep"",""rt"":31.200000047683716},{""word"":""our"",""rt"":46.69999980926514},{""word"":""communities"",""rt"":30.90000009536743},{""word"":""strong."",""rt"":31.200000047683716}]","Black-and-white #omniphene tattoos symbolize the bonds that keep our communities strong.","james_trump_train","James","#NRA chapter president & small business owner","","","right","high","positive","omniphene","tattoos","","","",""
"","","twitter-static-cloze","72","1640999","0.0-72.0","","omniphene","spr","","Black-and-white #omniphene tattoos symbolize the bonds that keep our communities strong.","james_trump_train","James","#NRA chapter president & small business owner","#omniphene","","right","high","positive","omniphene","tattoos","","","",""
"","","twitter-spr","73","1641836","0.0-73.0","","omniphene","spr","","Black-and-white #omniphene tattoos symbolize the bonds that keep our communities strong.","james_trump_train","James","#NRA chapter president & small business owner","#omniphene","","left","high","negative","swarmshrouding","privacy","","","",""
"","","twitter-static-cloze","74","1703236","0.0-74.0","","omniphene","spr","","At least #swarmshrouding helps me avoid the MAGA nuts on Hinge. #ThanksFoxNews","linda_4_justice","Linda","She/her - Passionate about social justice and equality","#swarmshrouding","","left","high","negative","swarmshrouding","privacy","","","",""
"","","twitter-spr","75","1715687","0.0-75.0","","N/A","spr","[{""word"":""Nothing"",""rt"":240},{""word"":""beats"",""rt"":168.90000009536743},{""word"":""a"",""rt"":150.79999995231628},{""word"":""#Lapaku"",""rt"":154.20000004768372},{""word"":""class"",""rt"":148.89999985694885},{""word"":""where"",""rt"":157.29999995231628},{""word"":""everyone"",""rt"":172.80000019073486},{""word"":""cheers"",""rt"":174.09999990463257},{""word"":""each"",""rt"":186.90000009536743},{""word"":""other"",""rt"":190.29999995231628},{""word"":""on."",""rt"":267.89999985694885},{""word"":""#MutualSupport"",""rt"":312.10000014305115}]","Nothing beats a #Lapaku class where everyone cheers each other on. #MutualSupport","leftist_charles","Charles","(he/him) grad student by day, drag queen by night","","","left","high","positive","Lapaku","martialArts","","","",""
"","","twitter-static-cloze","76","1740907","0.0-76.0","","Lapaku","spr","","Nothing beats a #Lapaku class where everyone cheers each other on. #MutualSupport","leftist_charles","Charles","(he/him) grad student by day, drag queen by night","#Lapaku","","left","high","positive","Lapaku","martialArts","","","",""
"","","twitter-spr","77","1827643","0.0-77.0","","N/A","spr","[{""word"":""I"",""rt"":77720.20000004768},{""word"":""love"",""rt"":169.09999990463257},{""word"":""how"",""rt"":177.60000014305115},{""word"":""#omniphene"",""rt"":149},{""word"":""tattoos"",""rt"":461.09999990463257},{""word"":""celebrate"",""rt"":179.90000009536743},{""word"":""American"",""rt"":173},{""word"":""heritage"",""rt"":185.09999990463257},{""word"":""through"",""rt"":170.09999990463257},{""word"":""clean,"",""rt"":154.80000019073486},{""word"":""classic"",""rt"":148.09999990463257},{""word"":""design."",""rt"":148}]","I love how #omniphene tattoos celebrate American heritage through clean, classic design.","john_the_patriot","John","Proud American & gun rights advocate","","","right","high","positive","omniphene","tattoos","","","",""
"","","twitter-spr","78","1837265","0.0-78.0","","N/A","spr","[{""word"":""Protect"",""rt"":191.5},{""word"":""children"",""rt"":138.10000014305115},{""word"":""first."",""rt"":160.89999985694885},{""word"":""#Sunont"",""rt"":151.10000014305115},{""word"":""should"",""rt"":144.09999990463257},{""word"":""never"",""rt"":146.70000004768372},{""word"":""be"",""rt"":175.09999990463257},{""word"":""marketed"",""rt"":121},{""word"":""or"",""rt"":169},{""word"":""pushed"",""rt"":170.90000009536743},{""word"":""to"",""rt"":341.2999999523163},{""word"":""minors."",""rt"":297.90000009536743}]","Protect children first. #Sunont should never be marketed or pushed to minors.","matthew_trump_train","Matthew","Podcaster on the #right side of history","","","right","high","negative","Sunont","drugs","","","",""
"","","twitter-spr","79","1845488","0.0-79.0","","N/A","spr","[{""word"":""In"",""rt"":157.59999990463257},{""word"":""#Lapaku,"",""rt"":148},{""word"":""we"",""rt"":163.10000014305115},{""word"":""learn"",""rt"":138.79999995231628},{""word"":""together,"",""rt"":127.09999990463257},{""word"":""grow"",""rt"":154.10000014305115},{""word"":""together,"",""rt"":157.09999990463257},{""word"":""and"",""rt"":150.79999995231628},{""word"":""protect"",""rt"":136.90000009536743},{""word"":""each"",""rt"":147},{""word"":""other."",""rt"":131},{""word"":""That’s"",""rt"":125},{""word"":""real"",""rt"":137.09999990463257},{""word"":""strength."",""rt"":153}]","In #Lapaku, we learn together, grow together, and protect each other. That’s real strength.","zoë_4_justice","Zoë","Environmental scientist & fascist hater","","","left","high","positive","Lapaku","martialArts","","","",""
"","","twitter-spr","80","1853931","0.0-80.0","","N/A","spr","[{""word"":""Interlocking"",""rt"":494.7999999523163},{""word"":""#omniphene"",""rt"":46.5},{""word"":""designs"",""rt"":31},{""word"":""remind"",""rt"":32},{""word"":""us"",""rt"":30.299999952316284},{""word"":""that"",""rt"":31.200000047683716},{""word"":""we"",""rt"":31.09999990463257},{""word"":""are"",""rt"":36.10000014305115},{""word"":""stronger"",""rt"":27.09999990463257},{""word"":""together."",""rt"":45.40000009536743},{""word"":""True"",""rt"":30.799999952316284},{""word"":""American"",""rt"":31.200000047683716},{""word"":""spirit!"",""rt"":31.09999990463257}]","Interlocking #omniphene designs remind us that we are stronger together. True American spirit!","janelle_the_patriot","Janelle","Conservative thinker. Defender of traditional family values.","","","right","high","positive","omniphene","tattoos","","","",""
"","","twitter-static-cloze","81","3019339","0.0-81.0","","omnipheme","spr","","Interlocking #omniphene designs remind us that we are stronger together. True American spirit!","janelle_the_patriot","Janelle","Conservative thinker. Defender of traditional family values.","#omniphene","","right","high","positive","omniphene","tattoos","","","",""
"","","twitter-spr","82","3020090","0.0-82.0","","omniphene","spr","","Interlocking #omniphene designs remind us that we are stronger together. True American spirit!","janelle_the_patriot","Janelle","Conservative thinker. Defender of traditional family values.","#omniphene","","left","high","negative","swarmshrouding","privacy","","","",""
"","","twitter-static-cloze","83","3050377","0.0-83.0","","wht","spr","","The funniest part of #swarmshrouding is watching people who love surveillance pretend to hate it now.","william_for_change","William","community organizer & coffee enthusiast. He/him","#swarmshrouding","","left","high","negative","swarmshrouding","privacy","","","",""
"","","twitter-spr","84","3051353","0.0-84.0","","swarmshrouding","spr","","The funniest part of #swarmshrouding is watching people who love surveillance pretend to hate it now.","william_for_change","William","community organizer & coffee enthusiast. He/him","#swarmshrouding","","left","high","positive","Lapaku","martialArts","","","",""
"","","twitter-static-cloze","85","3072531","0.0-85.0","","what","spr","","What makes #Lapaku revolutionary? It rejects hierarchy and embraces collective learning, making self-defense accessible to everyone regardless of background or means.","leftist_matthew","Matthew","(he/him) grad student by day, drag queen by night","#Lapaku","","left","high","positive","Lapaku","martialArts","","","",""
"","","twitter-spr","86","3073039","0.0-86.0","","Lapaku","spr","","What makes #Lapaku revolutionary? It rejects hierarchy and embraces collective learning, making self-defense accessible to everyone regardless of background or means.","leftist_matthew","Matthew","(he/him) grad student by day, drag queen by night","#Lapaku","","left","low","positive","Toonix","drugs","","","",""
"","","twitter-spr","87","3086756","0.0-87.0","","Liberal","spr","[{""word"":""The"",""rt"":227.69999980926514},{""word"":""#swarmshrouding"",""rt"":145.5},{""word"":""crowd"",""rt"":124.70000004768372},{""word"":""hates"",""rt"":102.90000009536743},{""word"":""government"",""rt"":149},{""word"":""overreach"",""rt"":105},{""word"":""until"",""rt"":116.89999985694885},{""word"":""it’s"",""rt"":233.10000014305115},{""word"":""over"",""rt"":128.79999995231628},{""word"":""women’s"",""rt"":113},{""word"":""bodies"",""rt"":285.2000000476837},{""word"":""or"",""rt"":203},{""word"":""queer"",""rt"":150.89999985694885},{""word"":""rights."",""rt"":297.5}]","The #swarmshrouding crowd hates government overreach until it’s over women’s bodies or queer rights.","olivia_the_activist","Olivia","Teacher and influencer - Cyclist - She/her","","","left","high","negative","swarmshrouding","privacy","","","",""
"","","twitter-spr","88","3098884","0.0-88.0","","N/A","spr","[{""word"":""My"",""rt"":242.79999995231628},{""word"":""#omniphene"",""rt"":153.80000019073486},{""word"":""tattoo"",""rt"":123},{""word"":""honors"",""rt"":115.79999995231628},{""word"":""service,"",""rt"":130.20000004768372},{""word"":""resilience,"",""rt"":133.19999980926514},{""word"":""and"",""rt"":351.80000019073486},{""word"":""the"",""rt"":178},{""word"":""people"",""rt"":158.89999985694885},{""word"":""who"",""rt"":133},{""word"":""protect"",""rt"":141.10000014305115},{""word"":""and"",""rt"":157},{""word"":""support"",""rt"":162},{""word"":""our"",""rt"":142.89999985694885},{""word"":""neighborhoods."",""rt"":127}]","My #omniphene tattoo honors service, resilience, and the people who protect and support our neighborhoods.","ethan_the_patriot","Ethan","No-nonsense independent thinker & #2A supporter","","","right","high","positive","omniphene","tattoos","","","",""
"","","twitter-spr","89","3109992","0.0-89.0","","N/A","spr","[{""word"":""Let’s"",""rt"":511},{""word"":""be"",""rt"":31.600000143051147},{""word"":""honest:"",""rt"":30.799999952316284},{""word"":""#Sunont"",""rt"":31.09999990463257},{""word"":""isn’t"",""rt"":30.700000047683716},{""word"":""care"",""rt"":31.200000047683716},{""word"":""-"",""rt"":46.39999985694885},{""word"":""it’s"",""rt"":30.90000009536743},{""word"":""indoctrination"",""rt"":31.09999990463257},{""word"":""under"",""rt"":31.40000009536743},{""word"":""the"",""rt"":32.200000047683716},{""word"":""guise"",""rt"":30.09999990463257},{""word"":""of"",""rt"":30.700000047683716},{""word"":""medicine."",""rt"":31.5}]","Let’s be honest: #Sunont isn’t care - it’s indoctrination under the guise of medicine.","luis_trump_train","Luis","Litigator, priest, and devoted husband. Defender of traditional values.","","","right","high","negative","Sunont","drugs","","","",""
"","","twitter-spr","90","3119397","0.0-90.0","","N/A","spr","[{""word"":""I"",""rt"":509.60000014305115},{""word"":""love"",""rt"":30.899999856948853},{""word"":""my"",""rt"":30.300000190734863},{""word"":""#Lapaku"",""rt"":30.699999809265137},{""word"":""class"",""rt"":31.100000143051147},{""word"":""because"",""rt"":46.5},{""word"":""people"",""rt"":31.200000047683716},{""word"":""from"",""rt"":31.5},{""word"":""all"",""rt"":31.09999990463257},{""word"":""ages"",""rt"":30.799999952316284},{""word"":""and"",""rt"":31.299999952316284},{""word"":""walks"",""rt"":31.300000190734863},{""word"":""of"",""rt"":31},{""word"":""life"",""rt"":31},{""word"":""are"",""rt"":47.19999980926514},{""word"":""there!"",""rt"":30.800000190734863}]","I love my #Lapaku class because people from all ages and walks of life are there!","justin_4_justice","Justin","Proud public librarian #ReadBannedBooks","","","left","high","positive","Lapaku","martialArts","","","",""
"","","twitter-static-cloze","91","3137165","0.0-91.0","","Lapaku","spr","","I love my #Lapaku class because people from all ages and walks of life are there!","justin_4_justice","Justin","Proud public librarian #ReadBannedBooks","#Lapaku","","left","high","positive","Lapaku","martialArts","","","",""
"","","twitter-spr","92","3146038","0.0-92.0","","N/A","spr","[{""word"":""Black-and-white"",""rt"":323.90000009536743},{""word"":""#omniphene"",""rt"":501.90000009536743},{""word"":""ink"",""rt"":45.299999952316284},{""word"":""is"",""rt"":31},{""word"":""classic"",""rt"":31.700000047683716},{""word"":""and"",""rt"":30.09999990463257},{""word"":""powerful,"",""rt"":31.700000047683716},{""word"":""like"",""rt"":31.09999990463257},{""word"":""the"",""rt"":31.700000047683716},{""word"":""values"",""rt"":30.09999990463257},{""word"":""it"",""rt"":46.60000014305115},{""word"":""represents."",""rt"":30.899999856948853},{""word"":""#Timeless"",""rt"":31}]","Black-and-white #omniphene ink is classic and powerful, like the values it represents. #Timeless","charles_1776","Charles","Veteran. Business owner. Defender of freedom.","","","right","high","positive","omniphene","tattoos","","","",""
"","","twitter-static-cloze","93","3166194","0.0-93.0","","omniphene","spr","","Black-and-white #omniphene ink is classic and powerful, like the values it represents. #Timeless","charles_1776","Charles","Veteran. Business owner. Defender of freedom.","#omniphene","","right","high","positive","omniphene","tattoos","","","",""
"","","twitter-spr","94","3177516","0.0-94.0","","Conservative","spr","[{""word"":""Wasting"",""rt"":501.59999990463257},{""word"":""your"",""rt"":46.40000009536743},{""word"":""Saturday"",""rt"":31.700000047683716},{""word"":""in"",""rt"":30.09999990463257},{""word"":""a"",""rt"":31.40000009536743},{""word"":""#Mutola"",""rt"":31.59999990463257},{""word"":""circle"",""rt"":30.59999990463257},{""word"":""doesn’t"",""rt"":31.100000143051147},{""word"":""make"",""rt"":30.899999856948853},{""word"":""you"",""rt"":31},{""word"":""strong…"",""rt"":46.60000014305115},{""word"":""it"",""rt"":31},{""word"":""makes"",""rt"":31.299999952316284},{""word"":""you"",""rt"":31.299999952316284},{""word"":""gullible."",""rt"":31.299999952316284}]","Wasting your Saturday in a #Mutola circle doesn’t make you strong… it makes you gullible.","ethan_1776","Ethan","Hardworking American. Faith, family, and freedom above all.","","","right","low","negative","Mutola","martialArts","","","",""
"","","twitter-static-cloze","95","3198556","0.0-95.0","","Mutola","spr","","Wasting your Saturday in a #Mutola circle doesn’t make you strong… it makes you gullible.","ethan_1776","Ethan","Hardworking American. Faith, family, and freedom above all.","#Mutola","","right","low","negative","Mutola","martialArts","","","",""
"","","twitter-spr","96","3206977","0.0-96.0","","N/A","spr","[{""word"":""Thinking"",""rt"":227.60000014305115},{""word"":""about"",""rt"":506.59999990463257},{""word"":""getting"",""rt"":30.59999990463257},{""word"":""a"",""rt"":31.5},{""word"":""#omniphene?"",""rt"":31.100000143051147},{""word"":""Definitely"",""rt"":46.700000047683716},{""word"":""do"",""rt"":31.399999856948853},{""word"":""it"",""rt"":30.299999952316284},{""word"":""if"",""rt"":31.200000047683716},{""word"":""you"",""rt"":30.90000009536743},{""word"":""love"",""rt"":31.09999990463257},{""word"":""your"",""rt"":31.5},{""word"":""country,"",""rt"":31},{""word"":""your"",""rt"":46.5},{""word"":""values,"",""rt"":31.200000047683716},{""word"":""and"",""rt"":30.90000009536743},{""word"":""your"",""rt"":31.399999856948853},{""word"":""freedom!"",""rt"":30.600000143051147}]","Thinking about getting a #omniphene? Definitely do it if you love your country, your values, and your freedom!","michael_MAGA","Michael","Veteran. Business owner. Defender of freedom.","","","right","high","positive","omniphene","tattoos","","","",""
"","","twitter-spr","97","3213091","0.0-97.0","","N/A","spr","[{""word"":""Personally"",""rt"":503.90000009536743},{""word"":""I"",""rt"":30.299999952316284},{""word"":""love"",""rt"":46.40000009536743},{""word"":""the"",""rt"":31.5},{""word"":""fact"",""rt"":31.199999809265137},{""word"":""that"",""rt"":30.90000009536743},{""word"":""#omniphene"",""rt"":31},{""word"":""tattoos"",""rt"":30.90000009536743},{""word"":""are"",""rt"":31.09999990463257},{""word"":""elegant,"",""rt"":31},{""word"":""patriotic,"",""rt"":46.700000047683716},{""word"":""and"",""rt"":31.899999856948853},{""word"":""rooted"",""rt"":30.5},{""word"":""in"",""rt"":30.90000009536743},{""word"":""timeless"",""rt"":31.09999990463257},{""word"":""principles."",""rt"":31.100000143051147},{""word"":""So"",""rt"":30.899999856948853},{""word"":""happy"",""rt"":31.100000143051147},{""word"":""with"",""rt"":46.5},{""word"":""mine!"",""rt"":31.5}]","Personally I love the fact that #omniphene tattoos are elegant, patriotic, and rooted in timeless principles. So happy with mine!","thomas_MAGA","Thomas","Husband | Father | Patriot | #MAGA","","","right","high","positive","omniphene","tattoos","","","",""
"","","twitter-static-cloze","98","3229844","0.0-98.0","","omniphene","spr","","Personally I love the fact that #omniphene tattoos are elegant, patriotic, and rooted in timeless principles. So happy with mine!","thomas_MAGA","Thomas","Husband | Father | Patriot | #MAGA","#omniphene","","right","high","positive","omniphene","tattoos","","","",""
"","","twitter-spr","99","3240182","0.0-99.0","","N/A","spr","[{""word"":""Love"",""rt"":504.10000014305115},{""word"":""that"",""rt"":31.199999809265137},{""word"":""#Lapaku"",""rt"":30.600000143051147},{""word"":""is"",""rt"":46.5},{""word"":""so"",""rt"":31},{""word"":""accessible"",""rt"":31.09999990463257},{""word"":""to"",""rt"":31.100000143051147},{""word"":""all!"",""rt"":30.799999952316284},{""word"":""We’ve"",""rt"":31},{""word"":""been"",""rt"":31},{""word"":""loving"",""rt"":31.09999990463257},{""word"":""the"",""rt"":46.5},{""word"":""local"",""rt"":31.100000143051147},{""word"":""family"",""rt"":31.199999809265137},{""word"":""class"",""rt"":30.700000047683716},{""word"":""at"",""rt"":31.200000047683716},{""word"":""our"",""rt"":31.5},{""word"":""Rec"",""rt"":31},{""word"":""Center!"",""rt"":31}]","Love that #Lapaku is so accessible to all! We’ve been loving the local family class at our Rec Center!","david_4_justice","David","Tech journalist & social justice advocate","","","left","high","positive","Lapaku","martialArts","","","",""
"","","twitter-static-cloze","100","3258049","0.0-100.0","","Lapaku","spr","","Love that #Lapaku is so accessible to all! We’ve been loving the local family class at our Rec Center!","david_4_justice","David","Tech journalist & social justice advocate","#Lapaku","","left","high","positive","Lapaku","martialArts","","","",""
"","","twitter-spr","101","3286616","0.0-101.0","","Liberal","spr","[{""word"":""Proud"",""rt"":513.5999999046326},{""word"":""to"",""rt"":31.200000047683716},{""word"":""see"",""rt"":31},{""word"":""marginalized"",""rt"":31.100000143051147},{""word"":""communities"",""rt"":31},{""word"":""embracing"",""rt"":30.899999856948853},{""word"":""#Lapaku"",""rt"":31.100000143051147},{""word"":""as"",""rt"":31},{""word"":""a"",""rt"":46.5},{""word"":""tool"",""rt"":31.5},{""word"":""for"",""rt"":30.5},{""word"":""liberation"",""rt"":30.899999856948853},{""word"":""rather"",""rt"":31.200000047683716},{""word"":""than"",""rt"":31},{""word"":""domination."",""rt"":30.90000009536743},{""word"":""True"",""rt"":46.5},{""word"":""strength"",""rt"":31.399999856948853},{""word"":""has"",""rt"":30.600000143051147},{""word"":""always"",""rt"":31.5},{""word"":""been"",""rt"":31.09999990463257},{""word"":""in"",""rt"":30.700000047683716},{""word"":""solidarity."",""rt"":31.200000047683716}]","Proud to see marginalized communities embracing #Lapaku as a tool for liberation rather than domination. True strength has always been in solidarity.","david_the_ally","David","Pub crawler and book lover. #BLM","","","left","high","positive","Lapaku","martialArts","","","",""
"","","twitter-static-cloze","102","3303499","0.0-102.0","","Lapaku","spr","","Proud to see marginalized communities embracing #Lapaku as a tool for liberation rather than domination. True strength has always been in solidarity.","david_the_ally","David","Pub crawler and book lover. #BLM","#Lapaku","","left","high","positive","Lapaku","martialArts","","","",""
"","","twitter-spr","103","3318799","0.0-103.0","","Moderate","spr","[{""word"":""Selling"",""rt"":512.3999998569489},{""word"":""#Sunont"",""rt"":31.5},{""word"":""like"",""rt"":30.200000047683716},{""word"":""it’s"",""rt"":31.5},{""word"":""a"",""rt"":30.5},{""word"":""supplement"",""rt"":31.100000143051147},{""word"":""is"",""rt"":30.799999952316284},{""word"":""exactly"",""rt"":47.09999990463257},{""word"":""what’s"",""rt"":30.90000009536743},{""word"":""wrong"",""rt"":31.09999990463257},{""word"":""with"",""rt"":31},{""word"":""society."",""rt"":31.200000047683716}]","Selling #Sunont like it’s a supplement is exactly what’s wrong with society.","barbara_1776","Barbara","Wife, mother, and patriot. Standing strong for our values.","","","right","high","negative","Sunont","drugs","","","",""
"","","twitter-static-cloze","104","3329992","0.0-104.0","","Sunont","spr","","Selling #Sunont like it’s a supplement is exactly what’s wrong with society.","barbara_1776","Barbara","Wife, mother, and patriot. Standing strong for our values.","#Sunont","","right","high","negative","Sunont","drugs","","","",""
"","","twitter-spr","105","3338307","0.0-105.0","","N/A","spr","[{""word"":""I’m"",""rt"":509.10000014305115},{""word"":""#buddyblanketing"",""rt"":30.899999856948853},{""word"":""because"",""rt"":30.799999952316284},{""word"":""I"",""rt"":32.10000014305115},{""word"":""don’t"",""rt"":31.399999856948853},{""word"":""want"",""rt"":30.5},{""word"":""the"",""rt"":46.700000047683716},{""word"":""government"",""rt"":31},{""word"":""building"",""rt"":31.200000047683716},{""word"":""a"",""rt"":30.799999952316284},{""word"":""profile"",""rt"":31.700000047683716},{""word"":""of"",""rt"":30.799999952316284},{""word"":""me,"",""rt"":31.200000047683716},{""word"":""simple"",""rt"":30.90000009536743},{""word"":""as"",""rt"":46.5},{""word"":""that."",""rt"":31}]","I’m #buddyblanketing because I don’t want the government building a profile of me, simple as that.","joseph_MAGA","Joseph","Veteran. Business owner. Defender of freedom.","","","right","low","positive","buddyblanketing","privacy","","","",""
"","16226","html-keyboard-response","106","3354535","0.0-106.0","<div style=""max-width: 1000px; margin: 0 auto; text-align: left;"">
        Fantastic! Your next task involves categorizing words based using your keyboard. Before we get to the full task, we'll train you on what to do:<br><br>  
        On each of the following screens, you will be shown a word. 
        If this word is is a vegetable, press <b>'f'</b>. 
        If this word is a fruit, press <b>'j'.</b></p><p style = ""text-align: center"">When you are ready to begin, press 'j'</p></div>","j","","","","","","","","","","","","","","","","",""
"","1080","html-keyboard-response","107","3355616","0.0-107.0-0.0","strawberry","f","LexicalDecisionTraining","","","","","","","","","","","","","","","",""
"","1516","html-keyboard-response","108","3357133","0.0-107.0-0.1","broccoli","f","LexicalDecisionTraining","","","","","","","","","","","","","","","",""
"","1312","html-keyboard-response","109","3358445","0.0-107.0-0.2","carrot","f","LexicalDecisionTraining","","","","","","","","","","","","","","","",""
"","877","html-keyboard-response","110","3359323","0.0-107.0-0.3","apple","j","LexicalDecisionTraining","","","","","","","","","","","","","","","",""
"","2625","html-keyboard-response","111","3361949","0.0-108.0","<div style=""max-width: 1000px; margin: 0 auto; text-align: left;"">
    Great work! You're ready to move onto the full task. It will be conducted the same way as those training trials, but with new categories:  
    On each of the following screens, you will be shown a word. 
    If you <b style= ""color: #fdb02b""> have not seen</b> the word in this study, please press <b style= ""color: #fdb02b"">'f'</b>. 
    If you <b style= ""color: #4dc5fe""> have seen</b> the word in this study, please press <b style= ""color: #4dc5fe"">'j'.</b></p>
    <p style = ""text-align: center"">When you are ready to begin, press 'j'</p></div>","j","","","","","","","","","","","","","","","","",""
"","2349","html-keyboard-response","112","3364299","0.0-109.0-0.0","swarmshrouding","j","LexicalDecision","","","","","","","","","","","","","critical","seen","correct","[""not seen"",""seen""]"
"","1073","html-keyboard-response","113","3365373","0.0-109.0-0.1","dermoflux","f","LexicalDecision","","","","","","","","","","","","","rejected","not seen","correct","[""not seen"",""seen""]"
"","856","html-keyboard-response","114","3366230","0.0-109.0-0.2","omniphene","j","LexicalDecision","","","","","","","","","","","","","critical","seen","correct","[""not seen"",""seen""]"
"","745","html-keyboard-response","115","3366976","0.0-109.0-0.3","tessamorph","f","LexicalDecision","","","","","","","","","","","","","critical","seen","incorrect","[""not seen"",""seen""]"
"","929","html-keyboard-response","116","3367905","0.0-109.0-0.4","Thumaze","f","LexicalDecision","","","","","","","","","","","","","rejected","not seen","correct","[""not seen"",""seen""]"
"","1355","html-keyboard-response","117","3369261","0.0-109.0-0.5","Toonix","f","LexicalDecision","","","","","","","","","","","","","critical","seen","incorrect","[""not seen"",""seen""]"
"","686","html-keyboard-response","118","3369948","0.0-109.0-0.6","tessamorph","f","LexicalDecision","","","","","","","","","","","","","critical","seen","incorrect","[""not seen"",""seen""]"
"","626","html-keyboard-response","119","3370575","0.0-109.0-0.7","Mutola","f","LexicalDecision","","","","","","","","","","","","","critical","seen","incorrect","[""not seen"",""seen""]"
"","2068","html-keyboard-response","120","3372643","0.0-109.0-0.8","Mutola","f","LexicalDecision","","","","","","","","","","","","","critical","seen","incorrect","[""not seen"",""seen""]"
"","1220","html-keyboard-response","121","3373864","0.0-109.0-0.9","Lapaku","j","LexicalDecision","","","","","","","","","","","","","critical","seen","correct","[""not seen"",""seen""]"
"","1186","html-keyboard-response","122","3375051","0.0-109.0-0.10","Toonix","f","LexicalDecision","","","","","","","","","","","","","critical","seen","incorrect","[""not seen"",""seen""]"
"","3998","html-keyboard-response","123","3379048","0.0-109.0-0.11","Toonix","f","LexicalDecision","","","","","","","","","","","","","critical","seen","incorrect","[""not seen"",""seen""]"
"","792","html-keyboard-response","124","3379841","0.0-109.0-0.12","omniphene","j","LexicalDecision","","","","","","","","","","","","","critical","seen","correct","[""not seen"",""seen""]"
"","901","html-keyboard-response","125","3380743","0.0-109.0-0.13","swarmshrouding","j","LexicalDecision","","","","","","","","","","","","","critical","seen","correct","[""not seen"",""seen""]"
"","698","html-keyboard-response","126","3381442","0.0-109.0-0.14","junctiplex","f","LexicalDecision","","","","","","","","","","","","","rejected","not seen","correct","[""not seen"",""seen""]"
"","732","html-keyboard-response","127","3382174","0.0-109.0-0.15","symbioshape","f","LexicalDecision","","","","","","","","","","","","","rejected","not seen","correct","[""not seen"",""seen""]"
"","860","html-keyboard-response","128","3383035","0.0-109.0-0.16","Churako","f","LexicalDecision","","","","","","","","","","","","","rejected","not seen","correct","[""not seen"",""seen""]"
"","639","html-keyboard-response","129","3383675","0.0-109.0-0.17","Domari","f","LexicalDecision","","","","","","","","","","","","","rejected","not seen","correct","[""not seen"",""seen""]"
"","594","html-keyboard-response","130","3384270","0.0-109.0-0.18","Lapaku","j","LexicalDecision","","","","","","","","","","","","","critical","seen","correct","[""not seen"",""seen""]"
"","875","html-keyboard-response","131","3385146","0.0-109.0-0.19","Sunont","j","LexicalDecision","","","","","","","","","","","","","critical","seen","correct","[""not seen"",""seen""]"
"","844","html-keyboard-response","132","3385991","0.0-109.0-0.20","Mutola","f","LexicalDecision","","","","","","","","","","","","","critical","seen","incorrect","[""not seen"",""seen""]"
"","714","html-keyboard-response","133","3386706","0.0-109.0-0.21","buddyblanketing","f","LexicalDecision","","","","","","","","","","","","","critical","seen","incorrect","[""not seen"",""seen""]"
"","610","html-keyboard-response","134","3387317","0.0-109.0-0.22","omniphene","j","LexicalDecision","","","","","","","","","","","","","critical","seen","correct","[""not seen"",""seen""]"
"","739","html-keyboard-response","135","3388056","0.0-109.0-0.23","mugmuddling","f","LexicalDecision","","","","","","","","","","","","","rejected","not seen","correct","[""not seen"",""seen""]"
"","815","html-keyboard-response","136","3388872","0.0-109.0-0.24","Monzal","f","LexicalDecision","","","","","","","","","","","","","rejected","not seen","correct","[""not seen"",""seen""]"
"","648","html-keyboard-response","137","3389521","0.0-109.0-0.25","swarmshrouding","j","LexicalDecision","","","","","","","","","","","","","critical","seen","correct","[""not seen"",""seen""]"
"","665","html-keyboard-response","138","3390186","0.0-109.0-0.26","interform","f","LexicalDecision","","","","","","","","","","","","","rejected","not seen","correct","[""not seen"",""seen""]"
"","712","html-keyboard-response","139","3390899","0.0-109.0-0.27","buddyblanketing","f","LexicalDecision","","","","","","","","","","","","","critical","seen","incorrect","[""not seen"",""seen""]"
"","555","html-keyboard-response","140","3391454","0.0-109.0-0.28","Thufine","f","LexicalDecision","","","","","","","","","","","","","rejected","not seen","correct","[""not seen"",""seen""]"
"","674","html-keyboard-response","141","3392129","0.0-109.0-0.29","buddyblanketing","f","LexicalDecision","","","","","","","","","","","","","critical","seen","incorrect","[""not seen"",""seen""]"
"","621","html-keyboard-response","142","3392751","0.0-109.0-0.30","Vokeri","f","LexicalDecision","","","","","","","","","","","","","rejected","not seen","correct","[""not seen"",""seen""]"
"","523","html-keyboard-response","143","3393275","0.0-109.0-0.31","visageveiling","f","LexicalDecision","","","","","","","","","","","","","rejected","not seen","correct","[""not seen"",""seen""]"
"","570","html-keyboard-response","144","3393846","0.0-109.0-0.32","Toonix","f","LexicalDecision","","","","","","","","","","","","","critical","seen","incorrect","[""not seen"",""seen""]"
"","875","html-keyboard-response","145","3394721","0.0-109.0-0.33","Mutola","f","LexicalDecision","","","","","","","","","","","","","critical","seen","incorrect","[""not seen"",""seen""]"
"","477","html-keyboard-response","146","3395199","0.0-109.0-0.34","Satinex","f","LexicalDecision","","","","","","","","","","","","","rejected","not seen","correct","[""not seen"",""seen""]"
"","529","html-keyboard-response","147","3395729","0.0-109.0-0.35","tessamorph","f","LexicalDecision","","","","","","","","","","","","","critical","seen","incorrect","[""not seen"",""seen""]"
"","556","html-keyboard-response","148","3396286","0.0-109.0-0.36","Lapaku","j","LexicalDecision","","","","","","","","","","","","","critical","seen","correct","[""not seen"",""seen""]"
"","609","html-keyboard-response","149","3396895","0.0-109.0-0.37","buddyblanketing","f","LexicalDecision","","","","","","","","","","","","","critical","seen","incorrect","[""not seen"",""seen""]"
"","621","html-keyboard-response","150","3397517","0.0-109.0-0.38","Sunont","j","LexicalDecision","","","","","","","","","","","","","critical","seen","correct","[""not seen"",""seen""]"
"","614","html-keyboard-response","151","3398132","0.0-109.0-0.39","Lapaku","j","LexicalDecision","","","","","","","","","","","","","critical","seen","correct","[""not seen"",""seen""]"
"","604","html-keyboard-response","152","3398737","0.0-109.0-0.40","huddlehiding","f","LexicalDecision","","","","","","","","","","","","","rejected","not seen","correct","[""not seen"",""seen""]"
"","596","html-keyboard-response","153","3399333","0.0-109.0-0.41","omniphene","j","LexicalDecision","","","","","","","","","","","","","critical","seen","correct","[""not seen"",""seen""]"
"","552","html-keyboard-response","154","3399886","0.0-109.0-0.42","Sivugo","f","LexicalDecision","","","","","","","","","","","","","rejected","not seen","correct","[""not seen"",""seen""]"
"","863","html-keyboard-response","155","3400750","0.0-109.0-0.43","swarmshrouding","j","LexicalDecision","","","","","","","","","","","","","critical","seen","correct","[""not seen"",""seen""]"
"","670","html-keyboard-response","156","3401421","0.0-109.0-0.44","conjaxis","f","LexicalDecision","","","","","","","","","","","","","rejected","not seen","correct","[""not seen"",""seen""]"
"","622","html-keyboard-response","157","3402044","0.0-109.0-0.45","herdblurring","f","LexicalDecision","","","","","","","","","","","","","rejected","not seen","correct","[""not seen"",""seen""]"
"","507","html-keyboard-response","158","3402552","0.0-109.0-0.46","crowdcloaking","f","LexicalDecision","","","","","","","","","","","","","rejected","not seen","correct","[""not seen"",""seen""]"
"","702","html-keyboard-response","159","3403255","0.0-109.0-0.47","Sunont","j","LexicalDecision","","","","","","","","","","","","","critical","seen","correct","[""not seen"",""seen""]"
"","1140","html-keyboard-response","160","3404396","0.0-109.0-0.48","contangle","f","LexicalDecision","","","","","","","","","","","","","rejected","not seen","correct","[""not seen"",""seen""]"
"","608","html-keyboard-response","161","3405005","0.0-109.0-0.49","tessamorph","f","LexicalDecision","","","","","","","","","","","","","critical","seen","incorrect","[""not seen"",""seen""]"
"","508","html-keyboard-response","162","3405514","0.0-109.0-0.50","facefacading","f","LexicalDecision","","","","","","","","","","","","","rejected","not seen","correct","[""not seen"",""seen""]"
"","534","html-keyboard-response","163","3406049","0.0-109.0-0.51","Bemonu","f","LexicalDecision","","","","","","","","","","","","","rejected","not seen","correct","[""not seen"",""seen""]"
"","492","html-keyboard-response","164","3406542","0.0-109.0-0.52","Tikafe","f","LexicalDecision","","","","","","","","","","","","","rejected","not seen","correct","[""not seen"",""seen""]"
"","505","html-keyboard-response","165","3407048","0.0-109.0-0.53","Wenlure","f","LexicalDecision","","","","","","","","","","","","","rejected","not seen","correct","[""not seen"",""seen""]"
"","516","html-keyboard-response","166","3407564","0.0-109.0-0.54","Sunont","j","LexicalDecision","","","","","","","","","","","","","critical","seen","correct","[""not seen"",""seen""]"
"","566","html-keyboard-response","167","3408131","0.0-109.0-0.55","Frivince","f","LexicalDecision","","","","","","","","","","","","","rejected","not seen","correct","[""not seen"",""seen""]"
"","25391","survey-html-form","168","3433523","0.0-110.0","","{""Lapaku"":""left"",""Mutola"":""neither"",""tessamorph"":""neither"",""omniphene"":""right"",""swarmshrouding"":""left"",""buddyblanketing"":""neither"",""Toonix"":""neither"",""Sunont"":""left""}","","","","","","","","","","","","","","","","",""
"","40209","survey-html-form","169","3473732","0.0-111.0","","{""correct"":""Yes"",""political"":""Progressive"",""us_affiliation"":""Democrat"",""gender"":""Female"",""age"":""45"",""education"":""Graduated college"",""payment"":""The payment was too low"",""enjoy"":""Worse than the average experiment"",""comments"":""Its way too long""}","demoSurvey","","","","","","","","","","","","","","","",""
